x,y,z,label
0.2526625771218061,1.5153733996530983,0.000320943074913886,ministry
-1.2481765238599116,1.325035681305303,-0.4459129108867907,science
-0.7907112390756368,1.9939990885599428,-1.3720738462504283,education
-0.4277486686635218,0.6096352492704714,1.8547195226518984,republic
0.9381986627089133,0.004092182786815911,2.5528353244364137,armenia
2.31160424091585,-0.011656811966031008,2.7659708392073115,yerevan
-1.8412808635650282,1.109287148987733,0.25565766869488893,state
-0.9273336540079886,1.9348694018686698,0.2437309305871391,program
0.358497772981015,1.602158801440337,-0.41388351542973223,educational
-0.38250179738956,2.579803432157626,-1.1081293882409824,development
3.0093891985613954,-1.7549990223294996,0.881297636506202,elaborated
-1.0829689383114987,0.1722654021225701,-0.3991915322397212,according
-1.7609735289063735,-0.33003138457519837,-0.14329526984486177,points
-1.2095437201050077,1.343408576587362,-0.4198248297809044,article
-1.1662999907917986,1.322826513505064,-0.5293784787144947,law
0.7504878009954212,-0.23099336039507642,2.09353376921759,roa
-1.481213423682184,1.729232387625384,0.7012740044870827,national
-1.9097279788392298,1.3069554708187674,-0.2995176896700917,plan
-0.7805366718611916,0.49457450575289486,1.200484152271417,doc
0.921735018370459,-0.30520902782310094,0.3252766496228649,contents
-2.6002310852581423,0.3744390179859634,0.6269330533483362,part
-1.4342203232008122,-0.7656540279066465,-1.3907257321875441,situation
1.0052103179639156,1.1764697523604908,-0.5566016575544382,overview
-1.8032515526816701,-0.5560226160983305,-1.2602255727127902,problems
-1.6539992486813244,0.3906215958192157,0.5432593168639709,field
-0.08910813508797474,0.18170647912221757,0.23060825455115339,brief
-1.0210863957345528,1.337762125222745,-1.177963543043339,system
-1.5549658205655323,0.616393131868877,1.5637324711946812,ii
1.1469542271294013,-0.1452424252359369,-1.5934422428252066,objectives
1.3642959731658189,1.653301023628457,-1.104230783885422,implementation
0.7408539433320541,-1.0673147477523104,0.43411037175945527,timelines
-0.32034517442762606,0.5338111454533906,-0.14033134135035685,activities
-1.7092243455426588,2.141206210834013,-1.1315497417365452,social
1.1343869380815357,-0.625245811040829,-1.0629462154008207,guarantees
-1.2493346939697247,1.2937953327608518,-0.24211570249125913,students
0.28005709514891675,1.8128980489841455,-1.3236721734678825,funding
1.5942512025646087,-1.486664381468323,-1.3429608870538787,attachments
0.798145966942561,-1.5307967687496722,0.7212770820187951,centuries
-3.2525253398109193,-0.8384957951955269,1.1297295391761275,old
-2.011980895176981,0.5510454150389315,0.16871321613818996,history
0.9075594839872048,0.12700731478516564,0.6890470495034372,traditions
-1.6842211959600866,-1.1206624776658316,0.052360418104373946,beginning
0.40954286529840855,0.7572559231738784,0.6447559734951802,formation
1.0041401798687626,-0.5038390182457417,1.900714776854812,armenian
0.7824151169441531,-0.19445801596933035,0.3839564153168715,schooling
-2.4225284637106776,-0.918186150850959,-0.18247189702052405,used
1.9752035678571325,-0.8497271490309096,1.0239505010000052,stronghold
-1.553978705425864,0.3310113853822029,0.8029968554623785,nation
-0.44119305278512294,1.2157477506670071,-1.0823770703414057,political
0.07540071601201823,0.7853981145208353,0.26843891829946975,survival
-0.6678317727884432,-0.45442852827151586,-1.1058839234449043,guarantee
-0.9494586292448056,0.5687424614412069,-1.0815827237432178,current
0.297071319075617,-0.17643679607033338,-0.28170395021640243,established
-2.322965553842725,-0.48810324018299844,0.32457995278754853,short
-0.49466685976069347,-1.5948653553242182,-0.9138979764994073,existence
-3.4760277439574585,-0.10132003168596754,0.6670321640205066,first
0.19964052305808333,-0.7803404948399912,-0.8002805433670284,developed
-1.3610662118739718,-0.7396840367994598,-1.0751090625679693,within
1.1304420296609528,0.022593048907936696,1.548269726052656,soviet
-1.9775712593722647,-0.8390242459988816,0.17777320978092007,period
-3.6559265552336644,-1.6830666539432946,-0.25627253058097316,always
-1.8486464746393976,-1.1336749903678935,1.0039538193053392,enjoyed
-2.7311822250492623,0.0570730238058786,0.1320561897112364,high
0.31310939597570886,-0.32272693392825286,-0.6683887041064737,popularity
0.04550947967754181,1.6062293263388705,-0.593160029864226,maintenance
-1.7383055722709218,-1.208797683346317,-0.6973124344331583,keeping
2.1948540001388097,0.38477444671026856,-0.5262238156977216,competitiveness
-0.9932956160364879,2.31675848209979,0.9880872081609883,international
-1.090563092974077,0.7626125486085304,2.7513157911879897,arena
-1.374110386166334,-1.3865365332976731,-0.5763845969923506,nowadays
-0.99949284663137,-1.3092760959351015,-0.6718372099214645,considered
-0.4378086838590185,-0.06683056297572995,-0.7742097566759814,priority
-0.6614174487336856,0.5782328895581882,0.11403213098033875,includes
-2.407325409482282,0.337469980347845,0.9345844289350246,set
0.2190056984785503,1.6054807988408402,-0.8419418792566277,programs
-0.010125349029302254,0.5539055341899649,-1.0038627138593226,providing
1.2116286760127868,0.21123164475849476,-0.36472321729692064,criteria
-3.797668834171307,-0.961876748023994,0.49369966155063777,going
-2.5909793156161913,-0.8119938305842297,-0.6513941385839777,different
-0.2393837546590619,-0.6691375892358854,-1.384023412406742,levels
2.203981348462789,-0.6461653198856022,0.8206378468971075,scopes
-2.1729289117836235,0.6335826978865696,0.44476842683024487,list
1.324385998723961,1.056276790135012,-0.832749138487995,institutions
-0.5255590461685189,-0.49636191848673594,-0.7338311796135061,types
1.5354476906893448,0.12134786659128373,-1.1256922318783187,implementing
-0.8308238941797088,2.2484340738863775,-0.8058885458881968,management
-0.709958251326216,-1.5569587894096164,0.4646519496666027,bodies
2.7403645120765945,-0.4054361246853239,0.4002673439061949,subordinate
1.0599314660628758,1.3079397256595484,-1.0375634198637214,organizations
2.220028990346908,-0.4757753604471211,0.015053427540398196,entities
0.4443913363258968,0.6556841717927565,-0.7100041462967728,structure
-1.3202944967345565,0.5582998436018923,1.2780497720025616,net
0.9461606653492389,0.410530601695662,0.5643906791753,composition
0.7918397856817397,-0.11050841934443865,0.8565992110109449,enrolled
-2.336196960985098,-0.4524473865929439,0.14813088060054666,starting
-1.3128122623864353,0.3322973975995772,1.7173472280716624,pre
-3.3128035195618217,-0.25460784353927973,0.8751349694101139,school
-2.4638201898144114,0.9475155666371693,0.6024905540566382,post
-1.289006926904024,0.7257190957118111,0.6797780904386982,graduate
-1.4468539918172323,0.34767780756881866,-0.43011990412113815,level
0.8254247327395678,-0.8089263732198927,-1.3496643052217927,attachment
1.7726503472518658,-1.1789397672407713,-0.3118777138595522,operates
-0.6864311002324774,-1.1730821543555863,0.02609503818962322,mainly
-3.3435866630595927,-0.3246660129249494,0.8830635907584706,thanks
2.4339733609278578,-0.5882738743128713,0.43632539019794864,budgetary
-2.5711455778892027,-0.5713263768369727,-0.36107342170082035,also
-1.5005094649896231,0.7134750755408901,1.23791642842882,non
0.7787920548664321,0.7268686564047075,-0.8608997679502453,regulation
-1.8820358911007768,0.5191955859840077,0.8794434254165039,performance
0.6702575525682973,-2.2347738887701145,-0.8316646197324103,gradually
-0.34100092248725783,-0.931401897322223,-0.8640757161165311,involves
1.0626650903607078,0.8138743451575181,0.2528433707863323,unified
-0.544154549150541,-2.0538206349649784,0.4957527745402679,carried
-2.41705587896489,-0.6699649298454429,0.556407109343524,three
1.4777054620233019,0.6099347469005398,2.3570736227357543,creche
-3.8840181186367326,-0.3528654533344984,0.9319546581008735,day
0.3434067025706592,0.42012888655978997,1.6310580367481073,nursery
-2.9799083625871705,-0.711824952847519,0.49423482464687857,years
-1.569176556235862,-0.09182509065595991,-0.37915619355320085,children
-0.08569970868620876,-0.12927290235853597,1.5079058415212596,kindergarten
-1.0187101336942896,0.42716123095098396,0.9168771380075178,joint
-1.773553971316137,-0.3130323392072985,0.19456454780673932,currently
0.5045436372462414,0.8848965545309557,-0.8382425249098978,operating
-1.0868844932898962,2.123899347500604,0.08498310534271875,community
2.3988247268809872,0.5225675541559579,1.2056473668870782,departmental
1.4066248520824332,-0.9149648382319662,0.8706472632376843,respectively
-2.58143669459747,-0.2599096708980939,0.3468050626561293,number
1.7708497924879214,-1.4642338549855525,-1.4616105918952171,decreased
-1.1840701675721832,-1.3386859827984372,-0.14186750355796293,compared
0.8663509629043643,-1.9747280362913113,-2.251074603080256,significantly
-1.7839970323374728,-0.7653833869717976,-1.1682768344207881,certain
-1.720048517298537,-0.3124065424005192,-0.1642100745901534,age
-1.9174807584679203,1.5100947639729012,0.5796747312330169,group
-0.2560481056291359,-0.2676244891229602,1.4660372836936277,attended
0.7057098301317417,-1.047963779654674,-0.23646407157052096,whereas
-1.783833738869933,-1.5898930016115589,0.7806463577877947,dropped
0.6691249711569015,1.3091327160465154,-0.014109894459421169,enrollment
2.9716870265855175,-1.0715343763114316,1.6879480100098243,kindergartens
-0.2685099774156821,0.31621539712808094,0.44585271988238495,secondary
-2.5581343441758078,0.1253000932497,0.7946505247785143,full
-1.1228089421175371,1.5909823126450071,0.005496572897602356,general
0.9815024526208226,-0.4647801638910968,0.6583683011425024,duration
-2.485076958216994,-0.3296923408456807,0.06642447375027824,following
0.8501174065284689,-0.1971335275226859,-0.6791711293044037,continuous
-1.0056533102064928,-0.17094424254343538,1.604750335618223,elementary
-1.211805854030416,-0.6617141244943507,-0.8916307068182869,grades
-2.2491815102619155,-0.6620061014722091,0.5212227639352962,middle
-3.0197591861715507,-0.7602664667352358,0.40903241233591037,two
1.6807621131792638,-1.0666722361074206,-0.16665380486931802,constitute
-2.219266830942969,0.7011580493786874,1.8993345768754872,main
-1.037975938832468,1.0729784522567636,-0.1724136266792246,schools
-0.9403991332589714,-1.2427254641426337,1.0934380391082184,eight
-3.497867393872456,-0.16519706213812316,0.8744886734163408,year
-1.5686335933438063,0.2362663094255846,0.4221266986529177,status
1.6993251107627703,0.39683147035983835,0.5513719036425785,specialized
0.33123359216923115,0.9948808240392422,0.008214024093493446,colleges
0.25530430729087966,-0.33603313043537075,-2.2025081570693152,increased
0.8643981327325836,-0.597422848767524,0.010367218928389592,pupils
-1.7850437123793963,-1.1848871706786406,0.3717471689451897,besides
0.7246032915852525,1.0339700398510745,0.5835379012535541,licensed
1.504418623693538,0.7228829423951952,-0.7567484350541378,operational
1.4053056823623915,-0.9699171780428051,0.5691027229279095,totals
-2.545546867544796,0.3670537151438312,0.8029500803206253,special
-0.23245998644536806,-0.1626663976658586,1.651052225919816,boarding
0.5551184894084217,1.7635034285810818,0.15703479202910667,curriculum
-0.22965709861022207,-0.2816995962039785,-0.26252382775197186,designed
-0.5941732028868226,-1.2376511109904804,-0.6845145825254967,needing
0.3973615664797355,-1.7574363896083267,0.08857828200458952,deprived
-2.363839278338018,-0.4735114971004,0.13228009222474976,parents
-0.04802020002215916,-1.5418361150141455,-0.8234324319907346,socially
0.23269391150893867,-1.0244070192431198,-0.9530697703302337,vulnerable
-0.6988019067779799,-0.23795464086746593,-0.30716913422216235,families
1.6517210636215134,-0.35345253577976593,0.38730820773029395,assisting
-1.5879699402082064,-0.7941976475211251,0.5309286813068554,talented
-1.5446167997477744,-1.72419966200868,0.055041952455322854,stays
-2.2283190823491137,-1.380385659674503,1.3609762208358245,nights
-0.09403783629475536,-1.9170317613046162,-1.1097369891148108,grows
1.1951090503995467,-0.7197810826825348,0.22834395389760764,annually
-0.2431106686289682,0.7338808220372693,1.6599014410566222,athletics
3.037991530391715,0.18941325947512974,0.9393274440967815,esthetic
1.0449611243224353,-0.2791900048115862,0.7503705779612702,youths
-0.0943384963470324,1.8022680466685759,-0.9139531639339312,technical
-1.6071875467767307,1.3335480489337392,0.4208493700338341,training
0.9422039832431524,1.0233111430783102,-0.464857419649884,centers
1.2245984968376853,0.41478691841399334,0.3126883911738534,preliminary
0.09435883523159251,-0.10070495503020474,-0.49242474010526116,provided
1.030456932789233,0.2650196880305289,1.8345252099535663,sts
-1.2243536738648437,0.7604828008279321,-0.9090323109788766,based
0.006466201967994505,1.6661769509236068,0.09408941888991502,courses
2.4703260688408246,0.5031604528239546,2.1951844833864524,stss
-1.2870206476661368,0.33348567323231776,1.3351208907975753,mid
-0.7771814896702158,1.4863878522279046,-0.14847014501149502,professional
1.7150739416225917,1.5588768360959022,0.4254260242020839,vocational
-1.8306438353396657,-0.20950213715654992,-0.2323243364213045,complete
0.35540942003455245,-0.5064518089136852,0.9507254098850458,daytime
-3.5301645646581377,-1.1833140608624013,-0.07947591583230569,well
-1.137578710946502,-1.3363130190073353,-0.5422834908732518,distance
-1.0656581810318317,0.5637786267584026,-1.2437421114998775,learning
-0.5172705740068244,-1.2986344274962967,-1.2669401817996604,depending
-1.059732964943699,0.03708725771013108,-0.20137914680225175,basic
-0.530398537861941,-0.7380890462626851,0.4206313380547979,chosen
0.6677474608063684,0.5190423243354526,-0.3896249390828597,profession
1.7506261323462828,-1.9106321192171845,-0.7953866586507421,varies
-2.511824940831671,-1.0388276744454275,0.3369753343595229,months
0.4904702201080799,1.584713964079918,-0.42341376525958574,professionals
0.2349016401440041,-0.9299909316185744,0.622817668547732,trained
0.06840340541107773,-0.31797523896868607,0.9464654360376609,fields
-0.25950829351469346,0.7093593256903789,-0.8240178532887396,studies
0.1918543302821036,0.4991832933831987,0.8369968094129682,graduates
-4.150577517774447,-1.0393150340193538,0.10922432599028267,get
0.9929246998960725,0.9518020704521246,0.600331124875626,qualification
-1.8642267156118442,0.9747095867909413,2.2947106297854005,junior
3.2917677913748054,-0.6424181736425131,0.3487858820988525,subsidiaries
-0.9409159931365078,-0.34109909197696137,-1.40148056401104,higher
-0.8714277889982034,0.5047626342443894,-0.28893695811281983,degree
-0.6452398267515898,-0.051575409182937265,1.706606545644426,bachelor
0.11980489706629856,0.9937128352600402,1.1757943700548559,diploma
2.0185898093134327,-0.14164193177855508,1.306587750338797,magistrate
-3.781473645797979,-0.29614752300029995,0.4656155135706318,time
-1.6830375161082913,0.187328663517847,-0.22501765616853928,paid
1.359398048190367,0.7701649396966026,-0.07589222612739928,unpaid
0.7828793353759466,0.6112358171646394,-1.4914860924728943,principles
3.351320364216147,0.8796313153400441,1.638944207119291,studentship
2.0411389068049544,0.25215643804167737,0.8848449190117446,doctorate
-0.29366847170957555,0.8784802106089057,1.3430153595050107,ph
1.0568315225879896,0.6351195249990983,0.0034998859510353914,institution
-2.7859092709074025,1.0968293208032713,0.5949380409187082,free
2.920377992513898,-0.7401153245115287,1.5886221113848134,doctorates
-1.9341286504174104,0.8371476210894302,-0.6382944776683991,study
2.0095869147780907,-0.12362315105060917,1.5168968295187544,magistrates
2.5583826217413423,0.3644403529009227,0.93835879391577,aspirants
0.27640423072890474,0.9959503369206277,-0.7020116696005838,fees
0.7323348041964691,1.711495421760664,-0.13659549696192053,personnel
0.6756199581390231,-0.515240726420216,-0.4723817490082638,employed
2.853507234968085,0.015573638165323093,0.3437559338988915,pedagogical
-1.0661212961160418,1.75435820132278,0.35491476164841296,staff
-0.5428351243955356,-0.24361966301942348,-0.19892538177585808,among
1.6411015942647273,1.163103642735778,0.8401851838874071,tutors
0.3853736248408236,1.0618689770461138,0.8555460935585933,directors
-3.430828518808344,-1.3527958218989151,0.06238787992320582,though
-1.3434141670830695,0.5182545163435852,-0.45253182909349443,teachers
1.420850569707693,-1.7132899257968188,-1.3256968894544585,exceeds
2.7684105794553897,-0.2685676457394378,0.641935911689338,normative
0.3732857899057852,0.9989711559872346,-0.6634434985449965,requirements
-2.9666248812695555,-0.9710433616471625,0.6922020028595325,since
-0.22789153493967648,0.7578267272567778,-1.0919756849148634,required
-3.799984041774527,-1.3743315242387233,0.26141661425541135,still
-3.605154152055726,-0.5018021923607832,-0.36125885894058307,need
2.0477225061355018,0.786710699463661,1.0348798238467136,cadres
-0.09389640104186166,-1.4938434939043705,-0.7905266928983854,particularly
0.31799732394896574,1.5999803096648824,0.5464233555946111,rural
-0.07908316574266874,0.12252077413901817,-0.645022961370076,areas
-0.2588250821741173,-0.41829361603542375,0.7708575097603118,located
2.2267689887850546,-1.3555123366561526,0.7348372373913273,staffed
-1.9923822752460725,0.4203055719641704,0.1730530987284777,teacher
1.549502491519463,-0.7494379710455059,0.5009356035811702,pupil
0.2531168077491906,-0.1651010284408075,-0.27737541898264645,ratio
1.0736527679373373,2.229714836883333,-0.4588627737570127,administrative
-0.10276751586965074,1.4512688720783666,-0.2798593986930116,employee
1.6977172851256177,-1.042063106341517,-0.8753248306517044,economically
-0.6891966154189725,0.16130488662069709,-0.23048627665047172,countries
-3.1013156228944103,-0.18802387857864905,0.20201168061939884,world
-0.6242531588890552,1.2845864973055003,0.3622728750427432,european
1.3426491779612428,0.8860468122363422,-0.8695835119123622,cooperation
2.226811156714887,0.12630574254737767,0.0531135051599253,ratios
-1.4028147984356965,0.430534010082963,-0.10374076066302058,total
0.4795971044141486,-2.1365113627055043,0.13713264387213958,incomplete
-3.9667636115006593,-1.3209670167063265,1.0586896922367515,got
-1.9213533357103043,0.16528665713076848,-0.4460605712750525,women
-2.2534944924636426,-0.21448208442909505,0.7810834311733633,men
-2.9115956206172044,-1.8626847561098803,0.4018503506634258,almost
-3.535550623930829,-0.998066020582875,-1.166674935701543,people
-1.2868868741569557,-0.6933075670094416,-0.48794256232661365,involved
-0.9229444943746574,1.2342901676769618,0.5906490087078452,professor
1.4601086010383433,0.08961483976316323,0.679584191380647,lecturers
0.11620097658983258,0.18944743639826309,-0.7876774725390034,capacity
0.3809302682752525,0.3048003909452289,0.49891117653971634,professors
2.6257217240879283,0.49883588793120165,1.8432666578949095,docents
0.7465874545238914,0.9165370579336359,-0.8920872199538739,scientific
-0.17408016346470287,0.691233397059968,0.7348634938262779,lecturer
-1.358031697545994,1.674199704556399,0.22013575407233305,student
0.4237448324679906,-2.2541600361234577,-1.1078823796898039,tends
1.3834993924651853,-1.9506847762733481,-1.0311990558578552,steadily
-1.916042619469557,-1.5868362549681938,-1.1114406804694952,grow
1.0573600744883738,0.7004817661583099,-0.19713273919820656,funded
-0.5213475804486012,1.691563126905134,-0.662353726710998,budget
1.559856168131242,-1.3292643903050458,-0.35349668297399456,constitutes
-1.3190074759771762,-2.1648386968543547,0.6329836642728119,thousand
2.371046376172043,-1.1632268756169901,1.493391814588682,drams
-1.077885041905492,-1.0178397065048586,-0.872338779505073,otherwise
0.9076611324532048,0.7561727488005795,-0.6549350943701089,gdp
-0.15535671691793218,0.10830111761973087,-0.3747363146785744,comparison
-2.6775917468411583,-0.03933784902300778,1.0159728270758663,mention
2.909059295388442,-0.801686487987506,0.2780775398823846,constituted
1.7961047991220311,0.892425942491666,0.14246929639367276,classification
1.6796968846793088,0.6995134728870335,-0.16715705201327086,allocation
2.8250415694856446,-1.4818081696915022,0.6940960457318893,disproportional
1.106847374488172,-2.2282074348442147,-0.10210133839536466,shifted
-1.5223829710853056,2.254018144917437,0.5423253475919557,local
-2.0261071590152366,-0.7320332671874358,-1.1344923293500437,self
1.4890317670207147,0.5118791373583268,0.03172663919397456,governing
-0.16902720263426319,1.9162388509748478,-0.21507211304296686,property
1.3364624751882677,0.4653234640870539,-0.7171500340372791,budgets
-1.6023127514466422,0.1797540545171485,1.392863820860224,september
-1.0934048178239608,1.220304913336708,1.4502357983475909,per
0.6252389103561796,-0.21549115247482808,-0.7671656471899008,principle
0.5997467714475039,0.053605814260776444,-0.987247445351818,wages
-2.7147717804661147,-0.8542945037266734,-0.0676133913824286,times
-1.150900315742744,0.3628205823063674,-0.9079551632105772,rate
-1.0960505738203763,-0.45325886505627966,-0.7948773152489714,average
0.11380784371158335,1.2167448013744424,-0.5869633119554805,salary
1.5575887311128733,0.4992124286298295,0.4624663081309615,enterprises
1.0809977510307274,0.5514183109359192,-0.44501695457247775,expenses
-0.37536113877177646,-1.0134993856116088,-0.04074316670972025,remaining
0.1994513228697971,1.0105029556012444,-1.026350082418821,funds
-2.393681439588507,0.49419062122965923,0.1488764854566363,share
-1.1934458246708506,0.15507692525269162,-0.7279114029275918,receive
2.4037971083637806,0.9238619635084835,0.6036735861150315,allocations
-0.6275833185352078,-0.5190010375369278,0.2611425480475951,directions
1.2431372364318947,1.1486129465145736,-1.2494906373044503,reforms
1.458917125481272,-0.5729182837797409,-0.5532707553743869,implemented
0.23289648620131048,0.9867159788202695,-0.639126271821746,constitution
-0.17853833011538978,-1.2236551830161109,0.9054036808539836,adopted
-1.0528599427024794,0.8915946129306834,-0.26909990548477686,states
-3.329337969024173,-0.9716100662234746,-0.26552374908937815,every
0.0919537226777199,0.893559747339493,0.5348352891005457,citizen
-3.766528561131285,-1.0142629674099384,-0.04633812829618757,right
-0.3751758472841464,-0.7885339080632323,-0.46051617178120996,receiving
-0.1980575539860273,0.34030328056366926,-0.6348464858716991,competitive
-0.048802408094753856,0.26016778221444675,-0.4307605325428424,basis
-0.21276709579761385,1.0729911183131653,0.6740336658520286,assembly
-2.0017899292610855,0.35168110273958453,1.6221754193570048,april
-0.6493642691509487,-0.37427427757414883,0.3041381168046762,included
0.9649204064571589,1.014935945309696,-0.9327418243046763,constitutional
0.40453740619063144,-0.3337010804501554,-1.0008067259243625,statements
-2.718871765011538,-1.3672063979603402,0.20770081536883703,definitely
2.4001081321613267,-2.0871754330554566,0.3367966549737515,channeled
-1.2064259980065313,-0.8554403997853685,-1.2112544686894673,towards
2.3085619112920837,-0.4051775422354441,0.27673230231157125,reforming
0.859777741094665,1.318136099685228,-0.9486749121779979,comprehensive
0.05773405503212165,1.5922084212386975,-1.1656688148277465,reform
-2.9338213613822623,-0.5345007703440312,-0.11655517756728519,end
0.22660240681716473,0.2726406276097327,-1.334409961870544,approval
2.15870973596363,-0.4197902601011491,-0.03551089191138936,exemplary
0.4526082078181354,1.3809432552422098,0.9048068904713904,charter
-0.7955635924465608,1.4301498284663055,-1.3850448419965495,government
-3.9844660655992326,-0.7876546841313717,0.659228579780028,back
-0.4123379012359428,-0.5450412025945285,-1.7173743502556882,significant
0.04850913234134163,0.26202640741756883,-1.7073742056449814,importance
-1.6838322464493993,-0.45085343194373784,2.2246774426743507,performing
0.43797169716895656,-1.7003858680854558,-1.3949310577892389,temporarily
0.43243565121785504,-2.006892829026307,0.07899899425026623,partially
-0.9755925478813879,-0.3035465409826128,0.785851690977489,suspended
-1.3913423258983115,1.099445004893915,-0.620900065299684,credit
-0.22375171772157673,2.119960974864653,-1.656147820236332,financial
3.1181987184453113,-0.2890866550354039,0.5855976594099761,decentralization
0.0985501535891474,0.6886163758739885,-1.2091379869723216,improvement
1.1777471892869085,1.6495790810213984,0.2795517924200747,legislative
1.8630300722475173,0.6432159513191408,0.04135504300672621,autonomy
0.1849064651953615,0.8143477571604396,0.16199774306191986,introduction
-3.522538577003947,1.0342625031948076,0.8071162305086401,new
0.9439192222358811,1.1165480731987036,-1.6531836636036519,efficiency
2.5311406073689326,0.19906502568080364,-0.7220341116203748,utilization
2.8223447120431535,-0.19394236592641326,0.5440890969705308,democratization
0.2781770322788271,0.3579240725942588,-0.299530909751564,transition
-0.2850506928669475,2.124352286149902,0.1457908096971807,council
1.0612833722816497,1.621482494184468,-0.9592246011338499,governance
1.4950042492616236,0.38719369502298473,-0.586132854841984,provision
0.5549888305273306,-0.009271406141922916,0.13333947701084095,textbooks
-1.3903093764498777,0.21062342849879792,0.5693234270944963,etc
2.4724418191749793,0.6663250791877549,-0.2996908735597334,governmental
2.612223996268152,-1.1011884604697342,-0.6485945568288637,decrees
0.34425437638777356,0.024639834797922856,0.051014445152620436,issued
-0.42645582876599086,0.6350747932164335,1.9972102163700725,pilot
0.3577775305361104,-0.7646400359486316,-0.6278728292101934,aimed
1.040352596796235,-1.5862191354230728,0.35543583283420266,guiding
0.06445309629573838,2.345893901905613,0.11755587720260802,sector
-1.6623654784034136,-1.1380575324695363,-0.5925594099970306,finding
-2.701464976778213,0.8728150614737211,1.2712743126680337,top
1.523206224933365,0.07897724688060961,-0.29843506381062995,structures
1.3709111164270478,0.8075880770177681,0.018303935260170812,councils
0.5421034708300373,-1.5603209263563573,-0.027954004579277086,formed
-1.254402826303777,0.6389996187000336,0.5113659244767371,members
2.022055994959843,0.874180589974385,0.4304503363045406,accountants
-3.4193373436652847,-0.8951979384622304,-0.23783128968918715,way
1.795960120399505,1.195721795692151,0.36127226174240756,manuals
-0.30813890492800533,0.3999074396530224,0.485655585014134,published
1.3846175345114367,-0.5948898949392674,-0.20113005963611466,distributed
-0.05666798441045059,1.800724718087129,1.2495697863699855,rental
-0.2680687242055038,-0.5688528287248493,0.6123682755414236,introduced
0.5941223042855464,-0.2032042592525809,-1.046473632762753,objective
0.17290409151719832,0.631537178383279,-0.14848098213850125,approved
0.14631682027884307,0.4844967665080402,0.10963210651650304,textbook
1.2488997541115017,-1.226668482800752,0.972129354463302,revolving
0.008127504330636894,1.7288911204246493,-0.5099075193617858,fund
-0.0742529560016015,1.1626763179939852,-0.5378132404930409,organization
0.15055503969303718,0.600382404546367,-1.2667678887922942,provides
-1.160740996014025,0.7874049679407074,1.4597419035959833,collection
-1.6627911466986935,0.3060434564965988,-1.2317898438624424,control
-3.6970417504443724,-0.6245481227272301,1.1258611090439234,last
-2.4837975492367135,-0.573038199616247,1.1505213794504219,couple
0.7808215053746885,1.0765012666444522,0.5018716324580769,publication
-1.1205984746375273,-0.3950849573329988,-0.07010402431344888,several
0.08959749861328335,0.3418830068249229,0.8592086062191296,magazines
2.799907306800308,-1.0079637619319517,2.000627396774831,bnaget
2.3911787703831866,0.2386972496496103,1.8404706165936315,naturalist
0.9061687651694263,0.37523888546490053,-0.5813544476926544,mathematics
-0.7690555566324047,0.5921493574055338,1.2001209187910804,russian
-1.0127626097228735,0.49896077220857293,-0.6042662103910962,language
0.8528698668764977,-0.8745394391741775,-0.2909032824549421,addressed
1.339005295347493,-0.25536343671083434,-0.06110335144109227,resumed
-0.8051151504339087,1.3950954850427397,-1.411251185604289,information
0.8853301781731396,0.49860848058435464,-0.06311905949908003,establishment
0.26619410724084763,2.065458725275987,-1.1230319475619737,systems
-1.214933104928187,1.8403217340665092,-0.03577298173727674,network
1.2490350821307872,-0.09725129650407949,0.7527226389548034,respective
1.5568658517549927,0.6413273857705529,-0.33786053734135657,departments
-1.3272653782679282,2.031460868107404,0.9235124631569992,center
0.9584894239875631,-1.18166502396395,0.1795098469815331,equipped
-0.15896577623528516,0.253852299428088,-0.34815809729217656,computers
1.84868891038669,-0.47008062798971223,0.2169166053888893,decree
-2.5263623997049964,-0.40191939897885187,-0.3152615853221822,may
0.00716063243373085,-0.4652097630953672,-1.188642482772314,improved
-0.7996491843248934,0.5528593895103703,-1.523496983618431,provide
-1.4516921077066383,0.8578600715928565,-0.5929850822897612,quality
2.1460327516943165,-1.3051538367102342,-1.0922992716992743,attaining
1.46398855916247,-0.4118217397636852,-1.4678633642219765,adequate
0.9588283164228608,-1.6660165625367283,-0.22388196565073304,resulted
2.049612995835517,0.2558541806554708,0.07786869708511168,professions
-0.3274910967318089,0.23880954987470862,1.3016653601032833,entrance
1.3253993293886888,0.5666462065269579,-1.3696021260362516,regulations
-0.9341118663773529,-0.07321561382364479,-0.31187916311430336,include
-1.7863648825643068,0.5443345752932038,1.9037115012210841,ba
-0.9775254609451723,1.9384195156556874,1.1941081679827876,university
-0.03244041315996751,0.33563189427164236,-0.3025139115376517,creation
1.2780516194020295,0.5261503062111894,0.15994217785471168,theology
-2.580189748174651,-0.7469456263653719,0.6211344940651906,fine
-0.5638986489207986,2.1643560725106625,0.9564854941366169,arts
-1.8351699266480517,-0.3743423950460622,-0.6360492577993824,works
-0.976254887095547,1.4405441713487972,1.4363848946721254,et
0.4118997632362145,1.299460887258679,-0.09357579921154673,expansion
0.9874035770218521,2.4078063317250935,0.32451914686434685,sciences
-0.2897781665929664,1.0438447567373605,-1.485167890684596,economy
1.5889600648789015,-1.1317515455512117,0.6239058206333061,obligatory
1.1164293935181622,-0.7466141977685599,-1.1857324680968107,selective
-1.9256811877125983,0.3982166005066881,0.13381057156225354,order
0.3583765673504547,1.0169086388420012,0.47941335687503545,admission
-0.7422459702047898,-0.38878164149803923,1.3566506022672815,performances
1.311405638245961,1.659187049062154,-0.5007266272847499,licensing
2.0737943050622483,0.5272113870436023,0.043635770385898116,accreditation
1.025950387715343,-0.16521467371922924,-0.3993556728579294,promotes
0.8222821396958161,0.3220369281941353,-1.2488231043294147,implement
-0.1745737314211799,0.5287497263117004,0.10321927721142739,various
1.2216773576403006,-1.9376024948919819,0.6084926412842344,emerged
-1.6537271295773723,-0.15788346104177683,0.5544077223561332,due
0.13470969882345157,1.5949751278778312,-1.9503338315545342,economic
-2.232379772425926,0.20849335189280135,0.6514532668695729,country
0.48324942753187944,0.056186620054497025,-0.9597953788232002,decline
-0.04153687830259474,-0.01649526775261196,-0.5225714422737529,population
-0.3801831265992227,-0.049088291642239726,-1.621201302823556,standards
-2.146035703818707,-0.6125803580041989,-0.24258280156595993,living
1.2603579303930728,-1.2189672021084863,0.11333112325871826,soaring
0.25361782061967925,0.1128768449820608,-1.7235314639264863,poverty
-0.589355980519192,-1.0346035758411114,-1.032888677046586,directly
1.3054801184635956,-2.237295068019455,0.35371963079235846,reflected
-1.3152867769969312,-1.322602397471866,0.649530200155171,mentioned
0.9556915855402729,0.14479825386934103,-1.868546146524418,factors
2.27336042460425,-0.5840172492473004,0.49680039847435736,jointly
-0.8701792007848385,-1.1036868377845668,-1.9548817171480173,negative
-0.49787973173616656,0.5300524189463787,-1.0204790616626402,impact
1.2652896203234514,-1.2807272183802627,-0.4607423777790226,resulting
-0.8578865713582438,-0.21651331558293543,-0.5683968466849895,overall
0.7699253710945299,-1.2637103989850107,-1.7818453433831247,difficulties
0.18531749356771915,0.1124820789923183,-0.7147986812748413,existing
1.74961777579868,-0.9873405679592846,-0.5897704062550041,characteristic
-1.2522489325528425,-1.2390622179103308,-0.9375971273671193,however
-1.258788771163018,-0.7299015722856281,0.5976118244988461,typical
1.927695786860172,-0.9725348025369698,-0.5619908973688114,insufficient
-4.016288194863706,-0.7838303857786076,0.39492390526419174,one
-1.5899673137020658,-0.6657130383231017,-1.0716934106284803,reasons
0.09315575570940449,-1.5238008903692664,-1.5881756897800534,causing
1.457678308378999,-0.4512308217209582,-0.38224167215440086,crises
-0.04417700287705294,0.3792769495821913,0.45344141709412394,independence
0.13954580944996625,-2.130604045190707,-0.7093239117710045,suffered
-0.379041883648217,-0.9112934030331274,0.055353294084646947,sharp
-1.02965768415161,1.7793751351423612,-0.23357822599085357,market
-1.0639476248964357,0.37415995002741326,-0.2714872529068618,recent
1.7407013163018035,-1.1405118155049734,0.04271161236152771,moreover
-3.5888225025339655,-1.7965689226151564,-0.18547356417400523,even
-0.4934614434572989,0.336202716438929,-2.298543865191945,increase
0.21218041346485092,1.093505156935169,-0.0955765550460161,registered
-1.9974797193832625,-0.28806407922290195,-0.3427466005645586,low
1.392476765096968,-1.7585782289188607,-0.34613622461587873,maintained
-0.9013331388349988,-1.6473003701103441,-0.9150305158830779,therefore
1.5353532962603915,-1.9162147595035803,-0.7562140176513669,adequately
-3.3405604770110515,-1.395979672265123,0.6646031249546939,little
-2.861699407120964,-1.4288060371300013,0.08949391999428043,gets
1.4905841836261806,-2.428526727297227,-0.6928964619083199,considerably
-2.2314400888848698,-1.0744836158620488,-1.3645425204631194,less
-3.2671142665765536,-0.10729449287274807,0.447617333524529,real
-2.457248341303213,-0.11103573386099823,0.07327487941221217,needs
-0.5596640371640559,-1.1924456407113952,-0.2689302182800618,thus
-2.872384967789125,-1.1719001583697597,0.8455082340806597,half
1.0388421553662683,0.19754376790333342,-0.6455996417308756,shortage
-1.9959917374684006,-0.21436171377904983,-0.6063328210581865,small
-2.7271567996040096,-1.3081048238232091,-1.0326720209517113,enough
1.0344146082907382,-2.2615656244434517,-1.1171458945198254,tendency
-1.8833399387047423,-0.7277700665718707,-0.47125594047854147,tough
-1.2249844919423034,-1.3826314394476125,-1.9323585434072945,difficult
1.8652878940294917,-0.4090670335560666,0.38564834011346155,allocated
1.0579038827524851,-0.6432832557823532,0.09423130954372673,projected
0.06111562756832202,1.019067863075542,-1.8013598551480283,debt
0.6646972458848242,1.2951187193327742,-0.9659651005966872,payments
-3.1480549721799638,-0.9931113645066245,0.40301605614625957,made
-1.446495022253544,0.20939363619956577,0.257659915811292,regular
0.03598856250543512,0.07938790820363228,-0.8174665213702549,delays
-1.6311204907693115,-0.8803980517421858,-0.9198684778344712,given
-0.8727602498556609,-0.6468137798186973,-2.291135337077613,lack
0.3160294311946854,1.8664333973197327,-1.1752300912418245,resources
-0.16595679649549805,0.49320680115344095,-1.7842742699594798,effective
-1.1774733709534468,-1.3095169880436441,-0.9461484292449075,becomes
1.4411940092667541,-1.1748364346634332,-0.5365218119026568,utilized
0.35094027627287255,-0.08750656330909179,-1.6473196239787535,efficient
0.48190297630818346,-0.7514324831468623,-1.104021482797339,manner
1.8732106889339322,-1.666172513956973,0.8393941826365706,uncoordinated
-2.5367719852075066,0.37657062676971376,0.7808755995308144,line
-0.6210831267610962,0.13636864337838853,-1.2347924137717659,terms
-0.6603113112005202,0.33897978925653316,0.14309757520856745,items
1.3739786547913837,1.3650594245481529,-0.5950039214040209,framework
1.2271734162003873,0.38588241732829054,-0.6411090311838443,contributions
1.4835174593377374,-0.7796280326823727,0.21908139231574805,coordinated
-0.3344710955260937,0.02365571752416545,-0.31453133694575947,cases
-0.6591106282014513,-0.6612059285148703,0.9270554027969462,shadow
-1.3762004903694411,-0.5430489995382468,-0.0935470515774562,character
-1.0359121449272461,-0.8899464148521762,1.1168213736929475,bears
-0.40380542506507366,0.1286459489920631,-1.249047106577455,influence
2.0502456468368155,0.17736095498153792,-0.28906940291017885,norms
1.787932330998884,-0.842723298191746,0.22477703842269328,undergoes
-1.3166924730456366,-0.4390324731833308,-1.692324879704456,changes
0.3513381819205181,1.4912154026543436,-0.948954517440709,relations
0.08207871489972542,1.590890501482606,-1.3614532887469724,analysis
-0.31449939821797784,0.13667412635320222,0.03947838389445102,reveals
3.0814749202669525,0.15896518642197044,0.4490185020049106,prioritization
1.036874889808592,-1.785200309226947,1.0203819830370158,totaled
1.6132312791352543,-1.9003853539427706,-0.669429833103798,exceeding
0.6101612983861605,0.36708822574027883,-0.707685298068192,ongoing
-2.3400536617612038,-0.6577582800561309,0.22765617331517357,cut
-0.24705710371188128,-1.4681327914561393,0.8272769110168742,offs
0.7032750296322392,0.6910551841812206,1.3329227545514382,preschool
-1.8737439957500384,-2.0823264041720617,-1.0658255203503275,completely
0.4327655858798881,-2.5494448138477823,-0.3897312976782934,imperfect
0.8148829841486559,1.1029388842123,-1.2196075463408445,legislation
-0.08606685769955764,0.5418423923936263,-1.3931544489732488,laws
1.2186733877614497,-0.6030556773679765,-0.05536395769441474,adopting
-3.467924554150009,-1.2899748690191968,0.41793787788219666,already
-0.42619172975126424,1.619250145662567,0.06042530371552922,civil
-1.1636490312602414,1.328674861134591,0.23560561261957877,code
-0.569556546501334,1.6531534601897664,-1.4572267493210023,tax
0.5481639872766317,0.8616638153183861,-1.7076081678464234,policies
-0.33978360804521307,1.1509479224115922,-0.4505672155157361,articles
-3.401067313789334,-1.5365101626896627,-0.23243097392402243,actually
1.3442652750398356,-1.648995928052088,-0.22859047053701087,adjusted
-1.8376902134128554,-1.599454432852795,0.12113141419141309,turning
1.73715047150858,-1.7289362990549562,-1.2045881138201047,inadequate
2.234316899680684,-0.3528121679111303,-0.8009301416850259,mechanisms
-0.5412783824573306,-0.45451496716103407,0.24326253396769187,delayed
0.4719927617452838,1.109707856865357,-0.018137598797087838,adoption
1.8754123706107304,-1.328652435977464,-0.27322188814471154,contradictions
1.2512596305607482,-1.4189249284271106,-0.374507549118891,hinder
-0.23339561526747066,1.640127716278687,-1.7474324253366358,policy
0.31343735063401823,0.8421377452123697,0.22589779550371733,progressive
0.16079763541851466,-1.3703139151108288,-0.2620916710553079,stated
-0.40167476212154124,-0.29822731650461365,-0.8166886816022539,guaranteed
-1.8365357386892853,-0.10588326655432402,-1.7591112796760315,important
-1.4768809857512097,-0.05708225965024477,1.5474457628586953,factor
1.225311569566115,-0.3124355365872646,-0.584881332399998,strengthening
2.1870552118882918,0.36395631653927346,1.5897128077720022,statehood
-2.445046835593312,-0.1861376785869097,-0.3200659394199189,point
0.7355845309672725,1.357966178787115,-0.6904999217812634,enforcement
-0.8471533274069225,-1.3037996228126858,-0.2572983912735419,acts
0.9018893707107077,0.6120600290262861,-0.8943103393580919,functional
0.015463478737354593,0.9331725117425576,-1.0357045268178844,protection
-0.5489890565034423,1.1984022207357485,-1.0925901866001573,rights
-0.22165672633460792,0.0007166703669420468,-0.0874415667995851,subjects
1.4569190426101513,0.32660999007986435,-1.5109000638690318,processes
-3.1941383456638293,-1.3437060695838559,-0.260274739504154,cause
-0.7035690226328756,-0.04460657863726193,-1.281330014558065,specific
1.2467415609361419,-0.15593187686161658,-0.3277902352271759,clarification
-1.5455450561679736,-0.6300470444074636,-0.02298978361159192,proper
-1.818488633027102,-1.4159298771942619,0.05309660303680812,turns
1.5002791817273282,-0.4865429381476281,-0.39823831548757116,acute
-2.1710870982670913,-0.42737142176132265,-0.8036424247561056,problem
0.2888811407461665,-0.6072069345575649,-0.4977780982053509,demanding
-0.18981843928278835,0.9600876541386463,-0.31685778014709465,urgent
-0.356396549838003,1.256403154731316,-1.5795228190461856,solution
1.3768777264416907,-1.2511942962425835,-0.9267224704077245,unclear
3.191220584608927,-0.45573088153559094,0.7172452750137817,delineation
1.5247216247245527,0.6961174222086016,-0.3759847106919738,coordination
0.9481227116215994,-0.09949016545312402,-0.6443157020509918,functions
0.8930216757699532,-0.46747324647663013,0.8302182648734737,horizontal
-0.7915382229933573,0.6954105303793713,0.34405345068791293,links
1.9558863159764153,0.6190689786585316,0.3938601591920388,operative
0.40568171015671156,0.1407453093554012,-0.6354172836839048,connections
-0.2740756282266498,2.7095571806677667,0.9757680642287819,regional
-1.3856671025768936,-0.005590024245222526,-0.3878838194832376,result
1.5682586419537257,0.5505120339883001,0.02166282834691793,supervision
0.7718952378013633,1.7632705674027864,-0.8699690220736679,agencies
-1.9809173863513407,-1.4984917204940087,-0.6221753005917344,clearly
0.10433281421239622,-1.1460270505744068,-1.8764554985131379,causes
-2.4744841148445818,-0.7333334113813087,-0.4748440681433821,serious
1.6115858806105645,0.2787123864915149,0.3566671850415446,authorized
1.5396889326147494,0.062038918847242316,-0.36612134807370433,entity
-0.5679470646452164,-1.051439184911388,0.6217172927955088,carrying
0.6031674474642742,-0.7540113592599096,-1.990868648595486,responsibilities
1.897982290532868,-0.46184066023998904,-0.4453081435204568,unsolicited
-0.11117182846354866,2.502840621580984,0.019637364595328072,executive
-0.8148430412070232,0.7051919949470944,-0.8943909749147703,skills
-0.07179465861939825,-1.9281612493026397,0.36072332682481634,poorly
-1.8457478773150973,-0.6403901178006641,-0.3334592824003281,poor
1.943038904230118,-0.20285958972194418,0.8072010069625434,contesting
-0.021184534770034458,-0.05011874660707461,-1.3489230778292831,conditions
0.3118668237581781,-0.9837143219920796,-1.6903463242656442,achieving
-2.8807413742903885,-0.9513724239054083,-0.3575185034766805,yet
1.0020965175885426,0.4165611717078661,-0.587205439340804,involvement
-0.7259193055290329,0.5221491873206949,-0.6976742799764867,society
0.1965749486873656,0.04066915728934392,-1.2906578773753274,developing
-2.186484977700001,-1.1155104918875123,0.06829806362454612,slow
-0.5450397194147184,-0.4741477143466481,0.23882689569048407,pace
-0.303553185760201,0.8624908094629555,-0.47504539646063904,reporting
-0.32990854339354475,-0.23273698595016296,-1.1761025834050918,condition
-0.13651797607414917,1.477883909214145,-0.8621915502855866,tools
0.24460586114805244,0.2553165168929698,-1.3146854078233965,reliable
-0.8374566565025832,2.1547897722403255,-0.7547551248568792,data
0.4445411713512451,1.2181090473282887,-0.9061441061645056,assessment
-1.363103079761781,-0.0007553827829571243,-1.3382277716445474,decision
-2.7267188105559317,-0.8166101587918243,-0.2634211656555073,making
-3.458445617027471,-0.5510404578445826,1.211439209900082,come
-2.3341416023311155,-0.4397542874678171,0.08833683011317298,forward
0.8408622538180671,1.606360893570579,-0.6854787767893233,integration
0.1573186869826779,-0.4728661870891154,0.3187561960091456,collapse
-0.8660605271374687,-2.190342051522474,-0.588023799033681,gained
-1.9944611878046,-1.5869331290374518,-0.804359336573922,cannot
2.251231538534413,-1.784704197607628,-0.3163550542720484,hindered
1.0781823987104258,1.9092265092334608,-0.25266930388938297,technologies
0.5898701363108557,-1.3930482149840349,-1.1223073613965504,possess
0.8756419481139501,-1.5016483655082842,-1.8583342603735717,sufficient
-0.5998638185956654,0.09572052280133965,-1.7379250597578166,knowledge
-0.4739762399691977,0.5163303153021109,-0.8790505886017121,demand
-2.682974384683297,0.9419231719240074,1.4559218294941823,st
-0.3342593817312575,0.5924289817425877,1.3316166235573632,century
1.5714981869500595,-0.5944882565150456,-0.26619825110797884,threshold
3.229652421752086,0.1158070180386259,0.3721887174236813,intensification
-1.7045332106505626,0.5483941477577476,0.30892090837487335,view
-2.002664330230615,0.8488391728558738,0.871987174202732,meeting
1.9597317010603137,-1.7753086205720818,0.8373946317474041,harmonize
2.4973245490477862,-1.542062144541079,1.7090282316756165,armenians
2.8097811655881353,-1.6676636412368773,0.27326988534169916,dispersed
1.2011558162474112,-1.2939533321089738,1.2452117861980168,wold
0.2261239448455057,2.2130056387741837,0.3567787742224002,cultural
1.0916899726034075,-0.33587559392043653,0.45273751116369204,backgrounds
-1.5192659792334762,1.1907734767198208,-0.9055791176107334,personal
0.56389374952742,-0.9675801276247071,-1.358976796758139,qualities
-1.256461712534015,1.2246990246666805,0.051590325323278015,promote
0.8762504877073474,-0.1884492164000146,-1.4025268769088828,aspects
-0.8995960305011952,-1.1292351740909345,1.261295943127045,meanwhile
1.0695200754963448,-0.9987813395800814,-1.7385479457909077,beneficial
-2.6567129892016235,-0.5496420585266903,0.3380193771708327,second
-0.8360466196526543,1.3089827190446677,-0.8139457362713178,access
-0.9448420605411896,0.17207148437855357,-1.8908697994274484,issues
2.1074060986960763,-0.39415470508189976,-0.7779214789368135,unequal
-3.4300923891306936,-1.494307238209293,-0.005303045355691769,getting
-0.3938160730934108,0.7528287213738709,-0.21072528997276985,groups
0.09195940411689839,-0.6400274993965601,-1.4567698290069793,creates
2.4038625934331845,-1.1032529048114752,0.2839042941009722,discrepancy
0.23217703438668233,-1.0090888735975203,-0.34240717990065833,entitled
2.688433302964549,-1.5347673245421738,0.43618087502531916,stipulated
0.6161495036764716,-1.3609034664255049,-0.7798243956011657,possibilities
0.23811242982718794,-1.9973394461969671,-0.30686425111429444,realization
-0.6577946439682204,-0.2998937534452185,-0.61359606129586,majority
2.615843418172421,0.9750343793845204,0.2087014279553242,insolvency
-2.3163705638998207,-1.1473141848821877,-0.7418911053237993,means
1.5653517138600959,0.18309860625368288,-0.5098960017498206,demographic
-0.31694341435790274,-1.642163551481615,-1.4861733600833762,caused
-0.5440073173282794,0.5410074324412331,-0.14456315995214997,movement
-0.9547801379021769,-0.029536627165524243,-0.3254145702834756,related
-2.4070904530518815,-1.1355860485865221,0.8882528001555764,leaving
-0.5477453380318466,-0.6321801997405976,0.6574408136258801,returning
1.1176138870883443,-0.8252717171167049,-1.1435646544357003,barriers
2.3870368125134536,-0.9608504149697653,-0.5813700827776744,physiological
1.1268736972933653,-0.30357883835267063,-0.5300452464567084,adjustments
-0.16810024562715983,-0.04877741830237189,0.36553597610282834,listed
-1.1283416589576252,0.39500436603294575,-0.1397117384567867,partner
-1.4266080964542753,-0.915705250201378,0.21156213485923916,faces
1.6026126517755301,2.575168795571943,-0.41862189146295986,staffing
1.7561233540343606,-1.0671588425524507,0.4893540460427462,variations
-0.8302860970996179,-1.0705892273771542,-0.13198646315909948,steady
2.0057159240283897,-0.5846584454366988,-0.1445360456459656,employing
0.06719935557772584,-0.24341450926601818,-0.11723842254419166,elderly
1.5543893342418031,-0.7762754886756226,1.3232227184048249,pensioner
2.3014708607757743,0.03179806047198027,1.5679234648986276,specialties
-2.5684482381644242,-1.0372821541063497,-0.19457397299983503,comes
-0.06499033389889451,0.3551504652566564,-1.1866694414096692,gender
1.177695567396928,0.2768047204467249,-1.8173413084164178,inequality
2.9165723604845057,0.27917890113590516,1.017728305085658,feminization
-1.1992493084760785,-1.5008885305592965,-0.8624891454146745,obvious
2.3724153806371664,-1.1896783898957295,1.0920182649852022,fledged
0.6547954502391378,-1.2204040878197204,-0.8159123875356824,contrary
-1.478524515748348,0.08044311337799816,1.1199793542004355,male
1.4416652794802964,0.9736519191980376,-0.2394008964513344,specialists
0.8369177903232518,-1.289611671340504,-0.2674672252249688,prevail
3.236957649753649,-0.13039409357696938,0.5406106649554803,outflow
0.1379781863401243,0.4562610402574705,-0.17675513827972147,qualified
-0.48805497361814265,0.6591362549374071,-0.07654350458485436,replacement
-0.2320807423313072,0.8130218483975513,0.22588082787535432,rating
-1.2910382727099066,-0.8217331123213296,-1.5479447740046555,brain
0.2041258655363749,-1.1386518790513118,-0.19173702918261182,drain
0.45543995802696796,-0.4046087682994225,-1.0615648033388656,aspect
-2.1614059971600814,-1.9246723742001173,-0.9373264444719309,worse
2.39364907309589,-0.22632815116503452,0.09458311948061118,guaranty
2.1563873767778214,-1.6022271193964754,0.9181666490907534,residing
0.9805864069391402,-1.248558190564544,-0.3610614182187685,enjoyment
-0.7850647114135317,1.1588953243743962,1.1036485387302992,urban
1.7757959175508657,-0.6362591194507262,-0.4821398478345658,accumulation
1.2290211008534886,1.6503105108751508,0.10111114871736163,vacancies
-1.5850714791991547,0.09818229641465333,-0.02197621140190241,actual
2.9928705227530217,0.3058655742001946,0.7992881291313979,attestation
-0.34499322325833964,0.5964192252740361,1.1106833341028886,formal
-0.1597205307924558,-0.6242369616452098,0.5103956885628002,decade
-3.6814977385724728,-1.876058023397469,-0.3804677611260947,never
-0.023547782854614785,-0.1985992515005186,-0.30095690930237723,applied
0.05292708469060549,0.5563705737058867,-1.3530486186700958,efforts
-0.025521169037731693,0.23645513273762975,-0.6761852029835432,complex
1.6234450683555162,0.8137898090598119,1.7386613176662733,diaspora
-0.4784471932805963,-0.9076435878803074,-0.24883117622975312,separate
-1.2093699217096234,0.6889998158566057,-0.5838208843200661,issue
1.0298786282494266,-0.12086470089610252,0.9388349699503746,sphere
1.1803675322248117,0.9396821492058818,-0.061478334365462003,mapping
-0.5434561695573948,-1.9569160585347758,-0.3327382987737196,accomplished
0.8745353626951052,-1.0260748520674052,0.3357597789485616,identified
-0.3619376366503706,-0.8934494751167552,0.6845296091807631,directed
0.03944315643685446,0.9713148183873984,-2.216702771484065,growth
-1.30563682289972,0.08782403092569474,0.5307765902811571,generation
-1.2545827912985164,0.3410561466932172,0.4250785895048595,updated
1.9023629645833071,-1.6681111588779929,0.28047955359359245,clarified
1.2863334075315835,-0.006245574700826515,-0.5943009144920716,ideology
2.4465045892559822,-0.303774242787842,-0.2308750639658733,attainment
0.09902215234351304,0.3689308341994308,-0.3761721856844871,preparation
0.7995106896863288,-1.2871450103269915,-0.47668181820016564,consequence
-0.7745356827851398,0.8546889119621972,0.966832742979718,modern
-1.5933260832617613,0.4837614873990394,-0.6453832681256878,plans
2.4825316317271704,-0.8785898260863136,-0.6527925446531866,unsatisfactory
-0.5283148118750663,-0.10864630699627327,0.1587853734550109,gap
-0.6931301545349731,0.08768412021640402,0.43356027398368513,theory
-2.1802458177894577,0.029084831527683035,0.33075619102990983,practice
-0.853005091195583,0.552733134256875,-0.18078287617948155,teaching
0.7657239978827434,0.7325931089771842,-1.6760925952789343,methods
1.920281579186582,-1.0310993803342792,-0.8488085262206015,imposed
-1.0832576328577463,-2.4801670874335673,-0.8955383817541861,ignored
2.3183466221859996,-0.8683633532016524,-0.4446743284430176,conformity
-0.5535740944432531,1.2545010610206666,-0.18421285661570425,labor
0.27644679161739855,1.110710228577048,-0.7272699758608938,markets
-0.865632880348002,0.29541079805069603,-0.15206365165732555,particular
-0.36020341601322553,-0.48150771787621033,-1.461109660528524,concern
1.1943856468871172,0.6521791360154379,-1.0144684868852187,reduction
2.132628289017756,0.06855459247570671,-0.9755567770940362,negligence
0.5747810405015567,1.0779134345469816,-0.7196294801471589,innovative
1.4295249634220522,0.7457014012174183,0.15500786736972502,prospective
-0.8256377669412942,0.0077888181847611685,-0.36582457118354733,connection
1.7770895256492643,-1.0595195203746528,-0.7099315075049821,limitation
-0.07219069707051368,-1.9321805146095279,-0.784076843974563,achieved
-1.7238125819507635,-0.7488792527996757,0.4093657782862259,bringing
-2.975310882980998,-1.5047152529743761,0.6234853818373952,together
-1.5126481787858326,0.051344510974014,-0.8125612499952464,focus
-2.3343260291515686,-0.7307636032275614,-0.09263404686944773,fast
-0.9041943582431202,0.8622026440203068,0.9951576641795064,transfer
-0.3595860880169618,-0.42263420036217825,-0.371845205884868,connected
0.26538149678441625,0.7467833910027828,-0.8757928868073077,democracy
2.816085700672514,0.4473998107436664,0.2877027915559656,anthropological
-3.384049055969465,-0.09183135014635779,-0.5607934889042929,work
-2.7349085769004557,-0.37240830754139564,-1.360198613969972,change
-1.4233355896067363,0.9269849711865457,0.21284926463634085,role
2.130411048015852,-1.0680441955482758,0.4083583932943476,phenomena
0.2553607845794552,0.5429040552324065,-1.2423701800219804,unemployment
-0.46468474116087893,0.49422690401623254,-1.037462888213463,violence
-0.4690252380100027,-0.6741280439245777,-1.6660921595247338,necessary
-3.5535821280324615,-0.1165157309342838,0.19272815598682472,today
-1.5589892744058722,0.008546392560951466,0.6215407972628122,background
1.5686086823296508,0.5796386538399881,0.23340263858091279,physiology
0.18089604376492824,0.6088930708544092,0.11017622743208069,sociology
0.45329046429375075,-0.27405158039597516,-1.1544339653579394,conflict
-0.25997842443560565,0.24215243055781552,-0.5680622813432121,resolution
-2.0913423050611244,-0.4082619365971189,-0.2639137080462128,quick
-2.077263878033821,1.1409848388341146,0.9922690591959654,update
-0.17260821219087089,-0.5223674138772862,0.3054785818282701,vast
-0.20451429062466062,-0.546062932475778,-0.33168989184477854,informed
-1.2085311084778267,0.3489326254788903,-0.39249439371477496,force
0.00257337088362722,-0.9629705532867832,-0.723958711147232,regularly
-0.6867197109284713,1.1716030647076043,-0.7152347106791703,source
0.8457218441462747,2.0645558814787495,0.04254731236943535,architect
2.313712461284043,-0.6721375962621438,0.8264682409678978,summarizing
1.7903744210685903,-0.1923682046150137,0.5527594549524579,coordinating
-0.18272578607623374,-0.13098501802297677,-1.9248602255753327,requires
-0.6518654410861415,0.9841336482049274,0.8146842334307792,division
1.9238542349202643,-0.48708866766774433,-0.07531816146998736,upbringing
-0.45977381616982493,0.9773171591649811,-0.2879010169221407,independent
1.8723954442218782,-0.4984068861428734,-0.21711424967146473,ideological
-0.7068487763653941,0.0698315530306558,0.8186786789717763,chain
1.2868610539113512,-1.8457110764002687,1.007161118739859,channeling
-2.8749338465437906,0.3309331897585402,0.35528020233219604,class
0.3975136749007243,0.1777917250761507,-0.17675446002327377,achievement
1.1804455502991589,-0.9892978583524564,0.39151201726475965,bearing
0.21909485815281135,0.278647718363896,-1.499559926590908,values
-0.2845048480623749,0.9705286200650863,1.3368177733285782,propaganda
-0.6371078451376853,0.5493764356543493,0.4598060167651858,concept
1.3444061222403754,2.067630127472547,-1.1367463187722449,compliance
-0.6675504653653879,-1.5443370709175381,-1.6987261792187711,situations
-0.47908098494140716,0.12291706986755564,0.24420344769491767,pending
-2.570882875060175,-0.028768337687619768,0.28770855912632887,place
-3.0204949322614274,-1.3642616581716962,0.5658355481646571,left
0.8123604864645468,-0.3567325080942317,0.5569710248069688,vacant
0.7796499753670098,-1.2478589507871864,0.029294060485999623,forming
-0.5518540791773137,0.21488519914282656,-0.7748206903085016,individual
-1.1836525139334055,-0.7586395562558502,-0.17460341290236753,fixed
2.5541023436212327,0.14426269840910202,1.2800693566448635,curricula
0.6854495435363112,-0.1858724043731213,-1.8271957047475682,psychological
1.747882665604299,-1.4318366372205265,-0.30780335967804834,weakened
-0.6313708366352954,-0.14481094114925566,-0.5036148158126047,function
-0.9623239206108846,-0.07618165996703212,-0.3169748264755225,lessons
-0.9157677296591271,0.4315436246895832,0.20501217849070286,parent
0.11260169512739462,0.4289851689707524,-0.46555105356029775,relation
-1.9717650293278304,-2.026844733384629,-0.08042771182679656,broken
2.3929909432567333,-0.9457674506451261,0.4982359885856276,sects
1.6402045858813188,-2.23891733904223,0.828346668727152,penetrated
0.20907994689853807,-0.5810759531677558,-1.0583396758036463,severe
3.2441223076022907,-0.7559586392792796,0.24822293772690632,insufficiency
-1.3197039988608894,-1.2353416157943446,0.12052286074935072,absolute
0.9862424132881099,-0.1519773583529553,0.989446347172566,continuation
2.211286076529299,0.74758595123216,1.033378304297062,dissolution
0.10725341604830425,0.5930292981260527,-0.9703404128091575,additional
-1.5232146096531,-0.6182959830409659,-0.940490153490003,changing
0.5534010542978816,0.08317281947707865,0.22871457123337371,profiles
-0.46298386716837164,2.7329116971115672,-1.0355750269293118,services
-2.2014904288927752,-0.3821567450510518,-0.11145059992087618,type
1.6659393101289355,0.8223937848188131,-0.7147578256748739,accessibility
2.817303080726108,-1.2527250226473015,-0.27670935962313475,completeness
1.8718573040589552,-0.35261210560282685,1.7881809008267344,unification
-0.3233680192093635,-1.5928913051354638,0.275260597887608,destroyed
-3.484272543102366,-1.6039305568204658,-0.8160631073111825,something
0.4870197068544575,-0.21332729793792735,-1.2851855527912959,interests
-1.9962928498357762,0.7350446526120138,1.4409223339572506,street
1.3013995536514922,-1.44409711716328,0.6486190969888936,braking
2.481346736783181,-0.26298995593424207,-0.026523190631057566,socioeconomic
-3.17466357976634,-1.0829784730994578,0.4799934066566557,whole
-0.7937209390581335,0.6701281839187557,0.050004807960131376,material
-2.442659285066017,-1.5452506719760737,-0.17219447181307823,past
-1.6416438076946482,-0.6361655695568859,0.8864455958603692,ten
-1.3097787328884285,0.824413736367016,-0.12027373848153043,building
-0.16738945901548088,-0.5192618812059262,0.7684138470462921,earthquake
2.7012595557554766,-1.0457303488901248,1.1917909999626357,warring
-2.8220752537853917,-1.0394183378892614,-0.5620814493216699,many
2.6821174327033765,-1.5807624917587366,1.0908329533631294,rehabilitated
-0.17368778388885878,0.195156125973205,-0.3750813706099565,disaster
-1.2787046347587465,0.2008548402325614,0.6020393810813258,zone
-0.17198530870153408,1.640542551020159,-0.04832931598491078,construction
0.31739712825783656,0.045864444758360726,0.3010778706435965,buildings
1.535269981067963,-1.2614433010656967,-0.5585344436841939,satisfactory
-0.9061257074474305,1.7240776847705963,0.693151172404126,capital
0.7555888806037132,-0.6403803009231198,-0.12141521401037747,partial
1.1961874867283353,0.9969209903889562,0.6319636072219954,renovation
1.8289601107098223,1.7212717136151099,0.6657829069637218,roofing
0.2956954687021629,-0.8044650241328251,0.9833604858962264,bathrooms
-0.039259709367648776,-0.08472809354712733,-0.34935396586963097,heating
0.08353549334084749,-1.4177159301903517,-0.4849044820883825,solved
-1.5800018842049017,-2.071839550182991,-0.49727482707299536,somehow
1.211049011817202,-0.2240534350349181,0.2090025233832927,classrooms
-0.49883098544454973,-1.141521700537631,0.4767876477913743,heated
1.9285067426084963,-0.43760631677026035,1.5015119191390516,stoves
-0.4671000856463122,1.014044254850133,-0.4730083678254348,oil
1.2796195897878717,-1.0484371295639179,1.0595620723487822,heaters
-0.6407343348446723,0.2925535004381568,1.1259740622964147,electric
-0.010553391104897872,0.6661992542966758,-0.702548334117824,devices
0.560997470989847,-0.15577969831798685,-0.26612952377613447,destruction
-1.363238558518163,-1.4316057796383057,0.11059119891617057,breaks
-0.07631867681657915,-0.659322502903949,0.7797961367058318,rhythm
0.3272071585317026,2.572775461864748,-1.2607297354762559,healthcare
1.5935632626571556,-1.2855013480175057,0.05983828542154682,sanitary
2.3064591025496752,-2.633659780041311,-0.5649292004458301,hygienic
-2.09160359226976,-0.5747307749967105,2.0722232244268675,met
-0.6869116169199625,1.1081959544704225,-0.6864398475052607,safety
-0.1904157006119314,0.7236838788206729,1.3518262751934542,furniture
1.3066148658884071,1.1729926773240078,0.9919351357975266,laboratory
-0.024440540518915962,1.4564541287600516,-0.3011815133144345,equipment
2.933415850578883,-0.8640028868611968,0.8794243842041994,didactic
0.7327161677239872,0.9568949759355125,-0.5167087930536483,materials
-1.8755236456987434,1.0629282211346573,-0.040742096238078444,test
-0.11748650679115219,0.5489195880020891,-1.255487415613368,practical
-1.6136247866237712,0.6445246062939685,0.04694605895302062,computer
-0.17498368588920044,0.897581428297819,-1.70143035111005,communication
-0.08318722219094692,-0.5302246315847191,0.5335003783415052,strictly
-1.0307618813471309,0.77871705019856,0.3841721915922742,limited
-0.3178626424316388,0.4092793226536846,0.7979215733153209,variety
1.5480517292908078,1.151413068842393,0.7063915108472545,publications
0.2598227611277198,0.9011178989530746,0.5386365489896966,literature
-0.6255105204057501,-0.07598927749896826,0.37737222639152707,volume
1.1884422519551554,-0.38061634951126866,1.4755267267791428,imported
0.7515641552876248,-1.5323941643417622,-0.9405794082661695,resolved
-0.021699626439963086,0.6982529628915297,0.23015035190242766,translation
2.2684255446121018,1.0668883026559115,0.305220556404003,localization
-1.346921115042937,1.0371219939709038,0.918987674840037,library
0.7220901674891397,-0.36792092972706925,-0.11290266522148075,outdated
-0.8845493930769852,-2.3202680188833598,0.9743685126532032,worn
-2.8603065522335354,-0.18414616571296372,1.2204644045114512,meet
0.8639430191636833,0.7791811632076413,0.2592121972885913,libraries
-1.6398992472554834,0.16057573248051554,0.4542768271285998,space
2.2824811205953828,0.39264642843765024,0.5411124926763161,refurbishment
-0.05564889785492492,1.4798760855133046,0.3385131918050629,electronic
2.22303854864438,-0.7245357899833739,-0.929756124636901,inefficient
2.2206567939962416,-1.2407888809194678,-0.5209975176656426,reasoned
0.34737909688410296,1.314367899818855,-1.3288649804713755,revenue
0.21055427472358926,-0.8201238967484452,-0.5315843412803313,proceed
0.1022323264865714,-1.3808294157306058,0.15840669391710865,predicted
-0.43100042702054825,-0.8729028701936205,0.5237980263086914,covering
-0.1174420293556328,0.4770562221879015,0.49808720967553655,minimal
0.242083006511705,0.5052195888038529,-0.13720403325316324,radical
2.8629637390612763,-0.737148179524689,-0.8102518102449985,rationalization
-2.4371565380347406,-0.9900888478177905,0.26332423475047,fact
-2.2603488943451597,-1.2969510508191655,-1.265823598253966,relationship
-1.3664624210625085,-0.3722493005777033,-0.5152772901470474,numbers
-2.2091011927774646,1.0844409768080954,-0.279149504050425,support
-1.2916479395956448,-1.5040621280443758,0.16632038951250214,filled
0.023364863317449667,-1.8709076571360337,-0.13822681963535408,closely
3.061889216582626,-1.7443532314954022,0.9802591193235636,densely
1.319260293116938,-1.0944736462919522,0.5927867823268665,populated
-0.24481804973424742,-0.884360012934738,1.1837530265815424,loaded
0.25853796347401753,-0.24887084578179455,-0.7063280832032718,strict
2.9469045111991674,-0.650330163739902,0.9324591350924109,centralization
1.5944327601876787,-1.9119113044019693,0.7051410866561374,narrowly
1.8103057527469109,0.28764135444093697,0.7240471408975472,duplication
-0.825144425708503,-0.18921144134695841,0.06927318996228045,offered
-1.482519079413659,0.4602361623739801,0.36852983582965104,profile
-0.8856860388412664,1.499375449052068,0.29658952289933704,location
1.1457317970755068,0.33199685438673937,-0.7854396607037818,perspectives
-2.151806704422605,-0.7573035322797533,0.2923977220543744,entire
1.8027230110720247,-0.717748813755152,0.7225740283064195,mismatch
-2.166375290161481,-0.014479352563637972,1.7673347999489866,stage
0.7265842791822297,-0.4049263956539079,1.0745538204296703,arrangement
1.535151091667729,1.4281768675960682,-1.1987915058628713,structural
1.0862199078609718,-0.683621278031024,-1.22510338304207,necessity
1.7122759737258664,-1.57750842298956,-0.07962862815168845,overloaded
0.553538556528423,1.9007817266893854,-1.4957533148558164,employment
0.5432739797046338,-0.8296834426905035,-1.111061179737046,dictate
1.074777767515829,-1.0355669278883894,-1.1472694019711733,shifting
1.3278448461426802,0.05653963444426857,-0.5260214651160702,adjustment
0.5955493124249218,1.8254781368441813,-0.20998501582907877,distribution
0.5132142969980361,0.5207008592340892,0.2815596344141877,filed
-1.8219706284681962,0.3184257845706772,0.9812754918015122,grade
-2.883240759100794,-1.4194161506717475,-0.5507181710013398,makes
-0.43232485163372464,1.5736132925668491,-0.39926410508943816,survey
-1.336248797866507,-1.165405737032443,0.3098263495911442,degrees
2.2835544262990073,-0.8605330001472202,2.0283045557854167,gradation
1.2683678275363004,1.0009978113152416,-0.5087297401265792,qualifications
-1.2096963228436308,0.20586139042602047,0.058089271105454345,including
-0.8415462866079885,2.0909302223726103,-0.19552405001923853,global
-1.7162018122321043,-1.9744533302255423,-1.155942421129816,extremely
0.19249519531432074,0.374426282780399,-0.9227832760598225,spiritual
-0.7603135723042106,0.07137529622692977,-1.0849042713192814,progress
-1.771770481234699,-0.33978723591243026,1.444911473944136,heading
-2.5363276537035233,0.312790098206061,0.8840971785247571,open
2.1806969650733734,-1.2255748801699382,-0.5203075617748352,lawful
-1.4635067483788538,-0.04152069860225306,-1.117626660147562,human
-3.4526542557773743,-0.8742624539593833,-0.6690104794807796,life
2.3328036303751465,0.5978305848563218,-0.5114274665885788,ecological
-0.0432088823485488,0.8573238200177373,0.8877311319407342,multi
0.6846665041189425,-1.2554823984376828,0.16880153067995543,sided
2.147439583328842,-1.3674902921971266,-0.37714770807760317,impair
-0.1490180168013023,-0.005024432170548421,0.9737047172125334,presented
0.6580639260179163,0.35678648651802175,-0.4269310286594258,contribution
-2.300428985992351,1.013593702770335,1.5329410028745267,final
-0.8119363548247831,1.5565926922794084,-0.7017415242766248,product
0.7481312767806096,1.829600041068464,-1.2242121285091208,strategic
-2.56340619506455,-0.5016510872260321,1.7901434750508118,direction
1.283549281632623,-0.28369482137254437,-0.6367275505976732,contributing
-0.9133195719539079,0.37084829786343176,-0.11275490816735718,active
-0.9311416768637089,0.7228199888775372,-0.6586595307379702,creative
0.4816598846653144,-0.7206876878939704,0.9886484635391907,patriotic
-1.608619705668828,1.2045363694669886,-0.6141457848009307,public
1.4419783213949404,0.4827686800928269,0.18896057067985833,humane
-0.08816014665785392,0.7737449361256606,-0.6181355568893787,citizens
2.112285896662959,-0.9911925011490198,2.3953496350300596,harmonized
0.7961642110151261,-0.8677572727265244,-1.3245488736112905,abilities
-1.0144277706412892,-0.21487860330343492,-1.2221528881757935,motivation
-1.809032682439935,-1.1394838542439583,-0.42244517891675687,lives
-1.3284571031151473,1.3003052368807049,-0.2760641211103743,legal
2.517701046443745,0.46091379397790444,-0.2399815202714344,contextual
1.764764635425744,1.1368515559099297,-0.9747509661364587,organizational
0.2753009802384586,-0.30233481225926373,-1.1431453344112852,stable
0.5618317963047914,-0.400515634827132,-1.130507907396789,balanced
-1.5194090211680233,1.5254479478528022,0.6820149867357553,area
0.30632285852437796,1.3494477526227162,-0.222925223107825,democratic
1.6851857237568177,0.15385506688411574,-1.0495487820720653,societal
0.34437879602796495,-0.15273671874885666,-0.3040630584541732,interaction
-1.6062443471528658,-0.6511665159021172,-0.6367672738634119,clear
1.0309782148163298,-0.5350688444721294,-0.11042702319203644,distinction
0.6855765550923,-0.4814298293466048,0.0844268473420404,achievements
2.877426767544846,-1.0131383465987385,0.9034654634136001,researches
-0.6572477442470542,1.2975083132479621,0.32655647715303054,promotion
-0.32526647683363186,-0.9623095960239549,-1.2443741679469185,focusing
-0.975951117226596,0.3521397523210188,-1.1545053518803032,mental
-0.6193540780112257,0.014972289357126878,-1.2377799228854276,potential
-0.3844690397939286,1.2902490251697258,0.45432679693099504,universal
-1.1280462357904768,0.24602444573850404,-0.5582552265814147,natural
0.6409330704541012,-1.1955113823404986,0.5468772668366501,phases
-0.555716213941164,-0.4370624699522785,0.4207505082974703,phase
0.6710014382351642,-0.042445315850009234,-1.1524561755317388,measures
0.9935828246183973,1.053097412556333,-1.0672541968396023,prevention
-0.01295991725747846,0.3745545128785938,-1.292503909972253,critical
2.128777978835213,-0.6486344028338674,-0.24176992252788274,undertaking
-0.5232314527303321,1.1547062314254155,-0.2581779021626257,emergency
1.142904702237627,-0.15375757760778475,-0.13425672915447168,securing
1.701890035050204,0.7599583470403921,-0.421971746402596,statistical
0.8951820476040194,1.3131603673908294,-0.6045537257809396,evaluation
-1.8149983169749173,-0.19887210043360684,0.6580180460908615,third
1.324783820171798,0.011199033235804158,-0.8157340417135545,favorable
-1.0306762593392143,0.6976482538663116,1.2089901014342315,item
0.686652884109741,-1.731868721502695,0.22387050391845828,justified
1.7078770705985704,-1.0574534474996353,0.04485473008212396,proportions
1.5120573637721193,0.6794368660578739,-0.5098640673923697,components
1.0807503421033404,0.19914270314735028,0.8800708748699656,projection
0.488244308770343,-0.09362851138733551,-0.026672879635242376,preferred
-0.9351165107422084,-0.4938056573420904,-0.431947470930717,definition
-0.1698505901323474,0.8364904601963926,0.7067008901359448,formula
2.464755972738444,-0.09211564426121428,-0.30092185680324285,contractual
2.3610120510511483,0.9810868497042318,-0.5139295742539619,reimbursement
1.5631827329808425,0.1289016108675059,-1.192547803193952,entitlement
0.8115546528476302,0.420125264121855,-0.4415873035900118,privileges
-1.2564851816745797,-0.014070161703593598,0.2609934281266985,supporting
-0.938840926779071,-0.10703265684983619,-1.5571090109703152,interest
-3.2545834017474595,-0.9659612795544288,0.25484958892250903,long
-1.0429260276024346,0.3024532065687282,-0.8174016676735193,term
0.481663730615668,1.6379468127450507,-1.1696195829697043,loans
1.8254296039289597,0.3221701614995646,-0.36038917515625524,amendments
0.9304650624336944,0.1031385953592497,0.8684632241756602,additions
-1.4091958928708561,0.5519681135032004,1.8545751040384169,sub
0.6083767462888076,0.6049606898395234,-0.2994073916216208,documents
1.3761770823403467,-0.4329570699753955,-0.8937648522943061,mechanism
-0.6803022530174689,0.306770093163853,-0.2507668492546638,revision
-0.1743781335475433,1.0861590831899959,-0.22281963178362676,officials
-0.3681407330528601,-0.6539384618491129,-1.566591889109242,equal
-0.669110052949952,0.38244702511814926,0.4963433384021966,appointment
0.7396558782919388,-0.05224130545523938,0.6018744864955612,dismissal
-1.478804792633072,-1.181722306180905,0.6925667872501224,heads
0.5301309690602023,1.1320471234510856,-0.40646561350164606,participation
1.5704239047939452,0.35087619649730056,0.26864723806947094,ngos
-2.561540761257401,-0.7715321391188767,0.300644002957525,side
2.9184071065254877,-0.30254083238123414,0.10919295717917991,elaboration
0.3559030123875481,0.7086153244038025,0.09484133402864497,units
1.0615330495537552,1.4632683390870118,1.6460349806411363,rector
-1.7666500764433046,1.5870774252502118,0.4373527943703042,office
2.9107249153818846,-0.6800276969919896,-0.3081690343161055,faculties
-1.3963721314629922,0.80547264317085,-0.019169940010342616,planning
1.4603055862098002,0.5630521492309783,0.26319825849844347,managerial
-0.4924861510372916,2.4296905581554094,0.28106486648002244,agency
1.316039316289614,1.0680375980443901,-0.16930752324737164,inclusion
2.0154301017845824,0.12838284238760364,0.2750521680967922,correspondence
-0.12798960083593983,-0.5982691113715212,-0.8516093320458771,mutual
0.27994652025927275,0.16483290262585237,-0.8226668325820817,recognition
0.04496541417090175,0.5715959713868821,-0.8053020449972189,equality
-1.7683802252106797,-0.050568025070023156,2.058076942126166,graduation
1.4348001158045505,-0.0983718370845178,0.2353740938579086,certificates
-0.36752949148102126,0.4368670892767771,0.8994509955891944,sample
-0.10902367081483719,1.3265172864640116,0.358347814882252,membership
-0.40131583377171903,0.8236510023649467,0.8934765972431371,orientation
0.46237715445112665,0.08296892993611217,-1.0512302435229421,demands
-0.5421520476014194,0.9428714235625718,0.15798189283195632,reviews
1.866934392859489,0.385452185644698,0.12151364800553864,evaluations
-1.9784723729108031,1.3351965583466854,-0.019776206521589335,internet
-0.12848735350447976,-2.2961804853426506,0.17546843447500912,distant
2.248126647143243,-0.5140594725440638,-0.2482283961513496,reinforcement
-0.18541097568945533,0.12940874333297192,0.655744661861765,operation
3.222220589283378,-0.09213685506411459,-0.1460015434970223,dissemination
1.101454084119203,1.8277431686115626,0.1256563317938235,outreach
-0.296784282015055,0.780138760667715,-0.21051412929102262,fee
-0.44040783546794177,1.0466322080765746,0.08972553679246947,tuition
-0.10634178695254286,1.0631266551474245,0.19144465130200525,discounts
-1.4151081420119913,1.0294916633830533,0.3008108644152158,popular
-2.700472674785879,1.1616317559599973,2.0481132793777537,tv
-2.3421246992482483,1.2783114646343554,2.1784942849800233,radio
0.41031863134530405,1.456869653943366,-1.2066546266729732,assistance
1.4096865798017357,0.22298101702338646,-0.6137643855536354,charitable
0.8194073443774983,0.29434303729758016,0.839673537315072,sponsoring
0.6651467116226991,0.9278837158735598,-0.8472395831697085,communities
2.163247131954327,0.9303499082778761,-0.5567771671782334,restructuring
-1.5053771479725577,-1.7052796445588438,0.40840576234302867,younger
-0.5223739267390658,-0.2509798410556952,0.2866726654310072,preparing
2.5023220633194607,0.722262292248407,0.08968512824342381,modernization
1.4750391569351844,0.6908164722884752,0.12539634852389153,identification
-0.284674655050748,-0.7522239735414048,-1.053965237901975,priorities
1.5979225058867161,0.3214437861687567,0.3529974599063941,reproduction
-0.6521981241352326,1.9103984115772525,-1.1774056264538033,research
2.1853756930414385,0.4310248476119205,-0.5565141724492526,tariff
-0.447627043936673,0.63996792276336,-0.1395871620076955,description
1.2849800958645838,0.5971415887357524,-0.05237807507892213,restoration
2.2855175443061495,0.7339876537606671,0.13144790234130393,enrichment
1.7912651499187828,1.2346689592836946,0.07167719029731422,rehabilitation
-2.241996214671448,0.3711367773428605,0.17487766351173278,course
-0.15225223639515828,0.7879446376454026,-1.089146841385935,psychology
-1.428250599262949,0.6215752412620776,-0.145900852883824,action
-0.5722186112560141,1.4521909839621376,-0.008568833238760686,military
3.3079740946505605,0.8155716438067022,-0.7106950853697882,rearrangement
2.0237848293449128,-0.6635280678479706,-1.1622081969207616,methodical
0.09890482939252604,0.6443158482214653,0.08570207842022991,extension
-1.0068327724926287,2.033977297081604,-1.7690971756469325,health
-2.6458402998036075,-0.14598286202741909,-0.9805482447471742,care
2.370519631573158,-0.22180923180011336,1.4453812103395982,catalogues
0.6309789130977572,0.364421240069216,-0.4802141454337098,targeted
0.9032890601141433,0.943419618736088,-0.1803818714269,inventory
0.9802749549723496,0.05795947598787565,-0.5020673901550371,repairs
2.226301099842918,0.6426858167568079,0.7885287565160379,resumption
2.461468504951872,-0.15808996486667853,-0.3285831109081863,centralized
2.0413108742460784,-0.06188302747017719,-0.8906760661802389,redistribution
0.49708864580895956,1.004414870614157,-0.706389518638698,internal
2.3105999104209665,0.37468491761104405,1.5506862368416217,laboratories
0.521911344474136,0.6714543712563575,0.9216833913718908,crafts
-0.3225698775419083,0.7370386661470826,2.1335724799048035,studios
-0.274259457480177,0.8671763239638609,1.0213775346368097,accessories
1.69191793604312,-0.415358012347974,0.45034998959501504,varieties
0.54175413690529,1.760292666838894,-0.9932965656245473,nutrition
0.8407731404161409,1.0236384449680798,0.8469420629554136,leisure
2.3645269974104055,-1.1079463442527586,1.1369860015956914,spheres
0.8447902009548207,-0.6789385111499486,-1.7525088687823631,rational
1.2117402750525317,1.8491727391265025,-0.701037813998488,optimization
0.11482798542531168,0.4842578290928791,0.796918229822774,locations
1.7530562416451656,-0.017242936275190014,-0.46776978566623356,density
1.8483660880952315,-0.5514118540453299,-0.4224839950757488,workload
1.3327461195855828,-0.022406400266791405,-0.3920073124785468,optimal
1.819242102830729,1.3204504614173003,-0.16871686483124412,relocation
-2.8174986527427537,-1.227866873581177,-0.13473347521564502,least
1.118473918680291,-1.5099303895621865,0.6862825152419426,situated
-4.14586068521481,-1.5067135601754196,0.42094821506498414,like
2.1509465213376036,0.7303783464002507,0.20660664931143172,settlements
0.6852201617488316,0.014531222952822663,0.611633920275943,elimination
-1.465608041394258,-0.7853022781983715,0.05403541168620431,allowed
1.2874699675802808,0.16098368985015787,1.348235260345944,staffs
-0.3517464901036734,-0.9419482769965479,0.17862227481050524,filling
2.2720105848435592,-2.0421437251270316,1.2315201154520063,grouped
-1.119727980339338,-0.15917910996275095,1.3258613410815034,triple
-1.5290714018176206,0.5912576257588753,0.13822188819481024,classes
-1.8408297078334488,0.5509395890021191,0.07013999229716882,case
0.6090859515431724,-2.4004219683549026,-0.41817832161344776,severely
0.7748925289128666,0.41843385264254623,-0.7652833932961162,requirement
2.312827565552993,-0.04179657700253246,-0.019988720795202426,craftsmanship
2.443840460204577,-1.1547448139585437,0.8757149731485502,consequent
1.7660101492683098,0.9997777601630725,0.3334361965840724,toolkit
-1.1853548520742894,0.16274852514549312,-0.10644374215916948,shift
2.601235330025033,-1.3697311569794113,-0.05145250079139616,readjustment
2.724948220951567,0.38096671331617843,1.262354138763815,handicraft
0.2561756978394648,1.9640560199899892,0.34949160287516634,industrial
0.03386462849097914,0.7862741553639672,-0.57599457935546,practices
-0.36073762005289156,-1.2313334249929586,0.3204158608920537,studied
-1.859915384068903,1.0649642517427917,1.4510888027387876,member
-0.40839758930345266,-0.2923504245473438,-0.11637204203867749,victims
1.1144268637207035,-1.0004763426599843,0.566821801796864,handicapped
0.8820506087871787,-0.802849978070304,1.5823565465559895,aas
1.053462073339734,-1.4138715376169748,0.28710048738005445,displayed
-0.9523505979506066,0.29752280097010225,-0.40759098025271073,unique
1.8934725269900043,-0.8478361062820747,-0.3175143250569194,granting
-0.16666825469927837,-1.2083624800044528,-0.7895854821271552,possibility
-0.3426523965133573,0.8587884687393378,0.650632109238034,selection
0.6646540690516292,-1.8110759596593355,0.4278536163157013,individually
1.12859215260829,-0.28377510558634716,0.4085619423053273,tailored
-1.7057651509909975,0.271327075890798,-0.7685719958419986,using
0.7326769776583482,1.499798219988342,-0.4060924435639368,facilities
2.2749151565585812,0.06139235836461348,1.5278453472342166,hostels
0.9555523319454953,0.6976858867670994,1.06091584870122,museums
-0.579340189342505,0.37056652491776515,-1.7833524690863691,physical
-0.7347632910903433,1.4925274919665084,0.23015427301250427,fitness
-0.06805325253028098,1.6321671902779056,-0.04689751935017472,transport
-0.310875133296781,-0.5930711352951048,-0.1526622455826963,fixing
2.8461277079368545,-0.7707925032904507,0.5034692704797388,deviations
0.3600209840865233,0.6604169141496584,0.5339870425335872,rewards
0.4950705474038615,-0.9023563657869434,-0.6195550984393486,objects
0.8248616520976105,2.060059536525267,-1.3666818750443492,infrastructure
0.33193668813540345,-0.08808909452424328,-0.9428220452483153,legitimate
0.951237874048122,1.056215213422817,0.13228331393625564,representatives
1.6464876337673984,-1.4895211218381377,-0.8212265581528796,calculated
3.1202924215168375,-0.8412553842409288,0.5672088022280966,earmarked
-2.316816719325486,0.017735174460188387,1.4955362738313986,cover
1.439571217220896,-0.9183833818055651,-0.9108271189983915,considerable
1.4982623438712088,0.16597522888341795,0.20947894360577035,communal
-0.812960748919297,-2.3860879233014565,0.49869034046350946,practically
-1.7299971885849945,0.8252463416580702,0.4412507234069083,available
-0.15695225647843253,1.0766847633900762,-0.8971478994418042,employees
-0.14916858139012196,0.8608419183380329,-0.5230860050043972,sources
-2.7327345886126415,-1.1403920842265016,-0.8254799033172487,without
1.4038154170105699,-2.1146214820218927,-1.2854480307994793,decreasing
0.3331408321239108,-1.1097965653592927,-1.2604472657337162,amounts
1.1595384546118135,1.1117036206843414,-0.9520362623294825,investments
-3.3524426216558942,-1.215812778193052,-0.5458156086364037,could
-0.6896712679053937,-0.1448122965910762,1.1219758890401907,verified
1.0436792603826959,0.10265968652112696,-0.03520180667171498,yearly
-0.8320126081872119,-1.747763474686405,0.6904488447026939,thee
2.067978192513301,-0.8735283154490967,-0.4024445010328531,prohibited
-1.1448587558906689,-0.528729791115923,0.03667875446910195,planned
2.5959770185237856,-0.23369062407550079,-0.2803971380357174,expenditures
-1.729701556560807,0.20864260206735255,0.9078110785490219,january
0.4521622930969236,2.1510116477592294,-0.41672277709688443,enterprise
0.8931482047735745,-1.9601773305735268,1.0990419677163819,folds
-0.5652586435831034,0.3258677563435148,-0.07110116366707601,activity
-1.8266051040318754,-0.451475112013523,1.0663225812038446,timeline
2.052412351676553,-1.5632806546252593,-1.3402176310899572,proportional
-1.31169523046015,-0.09635366379088328,0.6912636620273281,quarter
0.5661077324735379,0.0711219876529029,-0.33541100790947803,mandatory
1.841243142988231,-0.5388295226719263,-0.8166304475497573,gradual
1.899196418994746,-1.3793260829228908,0.678920149835067,totaling
0.5040916355871562,0.0009533380118632414,0.8527495982883351,instruments
0.5931461147971503,-0.5508114392254067,-0.2373865944570205,revised
-1.1755122808952003,-0.4121632550867028,0.9426424259362434,fourth
1.722200243603981,-0.1667739866574565,-0.07426866840862308,issuing
-1.0459139659897627,0.7198879824763973,0.6969971808292603,draft
-2.136695242984567,-1.1626341678348564,-0.2749628278294511,putting
-1.025842605617179,-0.30381149592533924,-0.19446777773652654,setting
-0.38317083647679884,-0.9043048519923107,0.06175511751217803,revising
0.8256007803307629,0.5135083315891794,1.7373208796094988,catalogue
0.3185120614997269,0.7538955383379949,0.10036507570963557,authorities
-1.6656395099730197,1.6732622525104754,0.8150121536311394,senior
2.5150656287371826,-0.8151146538231486,1.9333258498121593,memebers
0.23618932623131128,-1.7480970143471044,-0.06072496245831403,describing
-0.1759679637333685,1.6951668315403121,-1.5858765927985372,strategy
-1.154459299701122,0.3506437983493619,-0.9334543252451805,results
0.793677827560251,-1.204245646167584,0.5368750647128506,transferred
-0.8134008926237393,-1.0509590482183233,-1.2248093753795761,dealing
-0.3431113988824006,2.2556491356826998,-0.4727648912859332,medical
1.1721321747176392,-0.06099836018400677,1.9509273649679908,mpp
2.019124483482717,0.08168408118226357,1.5536509035204245,charters
1.461888091777152,-0.6783374527901459,2.4717464030884884,marz
-0.20337177065480624,0.9316019479014896,0.08145650914220862,republican
2.761497552879951,0.18854538947159924,1.5162001291142413,mpps
1.2185625139240603,0.7383768083571146,-0.15441265130986573,commissions
-0.041656515434690365,0.7562044493760464,1.390218685578479,screening
0.5998997079210884,1.8349898241489104,-0.36616765577812665,database
-1.861326464622216,-0.6765375815995707,2.2701479023012703,mis
0.520911026101312,-0.7725370147032776,0.6266183693791805,transferring
1.6794412456602277,0.5416355648940367,0.9551690210716506,ministries
-1.999911740113295,0.5824443979465714,1.168899028904284,march
1.6787582376950092,0.4928164332604208,-0.6821948051802997,procedures
-0.6201807923388355,1.0326097913937091,-0.10671937349617001,foreign
-0.6120459247219439,1.9300316756293638,2.189005695186649,alumni
-0.6717457839928581,1.5442497124592067,1.0755458320438092,annual
-1.7316746835364798,0.11304172794245738,1.529887099615965,august
-1.35244564268654,0.11998237261808369,1.000909425852531,signing
-0.5296562898117619,-0.4532565838815649,-2.113152488877948,understanding
1.6011535330707751,-0.3844213793667329,-1.3484713331668585,agreements
-1.9292238598182503,2.0163067938635075,-1.1647936566559485,business
0.6630122212569846,0.8051536950191995,-0.5422151652561491,unions
0.33125719175046353,0.2635013079250137,1.5505830335828963,cis
1.5900469697613921,1.4904866653733162,1.3760531464659018,unesco
2.318428858865927,1.0798404896032188,1.2882192868640292,undp
2.6782723516946314,-0.4022612606917652,1.8333201728290434,bibb
-0.17377742881338654,-0.6545687534411808,0.2521577385098312,supported
-1.2722639747263236,1.241608178526023,1.0784130997848933,union
2.5903604451823754,0.04792104061530592,1.7135754628651774,tempus
1.5935891895821621,-0.6850233775556617,1.4434334466153722,inco
2.66102311279044,-0.6754342311526216,1.8969491006057515,copernicus
0.5364906119743102,0.503289222762564,0.2249465805671657,submission
-1.711343908007917,1.4839244819910602,0.6064020047332292,project
-0.3696390609438928,0.8450549218353619,0.5087521351856105,proposal
0.5376885184712388,0.6531397485209739,0.6090405017063616,donor
0.8944814976594165,1.017671158723625,-0.4092257482951451,grants
-0.11782935249158362,0.5098064526884125,1.8198528619483352,tours
-0.7391936682203137,-0.6149731571197353,0.8740749348206398,trips
-0.7406774599086473,1.1291932251702317,2.4263965114501613,inter
2.1675199820543014,-0.41421052781953205,1.516831171419663,computerized
-1.5149454763556693,0.6613357202129195,1.3277601926266125,contest
0.11250500774102308,1.4087740914624147,-0.7260586179781547,experts
-3.0278033661630275,0.6494215723911946,1.1263603486668174,team
1.0555610796724946,-0.6402276739029802,-0.0025765626260321668,comparable
2.553245672558659,0.6745346444504522,1.2194146820416294,eurostat
-1.169067846692766,0.6509323623254794,0.37286419482461347,target
1.1041388879959069,0.7993008844519677,-1.3184051223284858,guidelines
2.0692555581316423,0.3165144723298775,0.9367695391791971,guidebook
-1.0412066203841481,-1.3130774401743515,1.5605050557351026,matching
1.6477252745031,-0.0911600010190025,-0.30048554247436887,environments
-2.191911749150189,0.9650884160208228,0.6258755307469265,visit
-1.2832127020648232,0.8111741776775284,0.12614581999671393,direct
-0.8414130524239636,-2.8150893485804818,-0.11081602771637651,disappear
-3.0209090655375466,-1.0492398367309104,1.5554540055792232,sister
-1.2569255067563225,2.5598994865461187,0.39530482309852066,web
-2.1792370311880966,1.067418172615662,0.3983200931227061,page
1.9046905480686058,-1.9648453059710023,0.6441269476312533,leveled
0.7360455202988329,1.209578084814277,-0.10193030077289846,universities
1.7784430662940403,0.8701648436279595,0.5176781723160773,bilateral
-0.03054706586843295,1.062497219458578,0.9668302911999292,broadcasting
0.7625577140915878,1.0759940451700274,-0.40738159956828646,integrated
-0.07098790117117171,-0.8201418561998919,0.9812290011457055,aged
0.11858876160961468,-0.7080333278026018,2.20905396346606,lori
0.6377998162651841,0.8086314537918811,0.4203809078560736,conferences
1.084855763876902,0.8825766207663495,-0.3085369063304542,humanitarian
1.309071327688364,-0.2951294249303806,-0.08213447941978289,foundations
0.23156864699480728,-0.3348579296005676,0.9434994555657438,competitions
-0.17071140704135757,1.0964286569273662,1.7234130775565497,exhibition
-1.0450583928219876,-0.17602878114918058,0.25367797503327866,dedicated
1.8919012515331435,0.4476236591786449,0.5597174078453622,quotas
-0.18883875016792262,-0.5661431933945755,0.9238470939124103,postponed
-1.495773308350459,2.1158759092884685,-0.3965585238265017,service
2.4354779757505427,0.015228463092753048,1.1139690103000768,extern
-0.14376556786054423,0.3066826295326128,-1.604540124626207,opportunities
-0.7551253871117592,-0.9911603188770521,0.28833976235570535,marks
-2.656991041066716,-0.9078087891106332,0.5273140826121087,called
1.2820387137089233,0.7366037576765313,-0.23356722901773697,applicants
-0.933744149545062,1.199672709044176,0.7735569134672716,discount
0.027060433015080602,0.9446255877039462,0.1406390299316285,worker
2.6152194088636915,0.1901380388089362,1.2169823407326399,physiologist
-0.9309627117426768,-0.7938874984516004,-0.9439506854629879,focused
0.04450942860323848,-0.17852747799109037,-0.032914599217071926,prior
-1.8434899060189123,0.5307585487816843,1.4184899941043918,opening
2.6989866047481956,-0.4636535515334815,0.08909128884753156,differentiated
0.519508985596013,2.0618704350147596,0.5704192402922675,faculty
1.9019785001614815,0.014241039731027697,-0.6100302367545227,economists
1.594884987436179,1.193304204944934,0.5248898544005652,architectural
1.4382761606678636,-0.18832956358907219,0.2688510246888627,conducting
2.318818418796769,0.3239984720622909,0.26919662431561175,supplementary
-0.6386622173136286,0.24134880748622053,0.1336486731370714,remote
0.5669818675200503,-1.4825430056576008,0.14943958757952353,borderline
-2.591996097051629,-0.16403682170392123,-0.38622567330719726,working
0.22095747702176138,1.7912476364081982,-0.8245206828287285,housing
0.5766026002304548,-0.6473371862001885,0.16834117977873178,assigned
2.921641640943965,-0.5170563233613148,1.3197374082105628,annul
-0.46343489610912003,-0.3251865239101664,0.8234163405122238,titles
-3.6635566618636126,-0.06949553704963077,0.8410325373282559,best
-0.27492964305128464,1.0704100476598397,0.7928279621201907,tutor
2.5888759797357377,-0.2984787367521196,0.7132937394291671,preperation
0.19201192802154554,0.8937392134878941,0.3488517480762974,officers
0.10452878058983985,0.19030139742595586,0.4220684762226115,armed
-0.1585762936237156,0.42042404147879225,-0.08188044531512588,forces
-0.631686718828274,0.9839821415827612,-0.3998281368818959,discussion
-2.0707063168735873,0.3533568158942357,1.7079402848027365,july
-1.7863198446472957,0.04738821119772174,1.3856630694828938,october
0.8040532023915516,-0.2188318535384803,0.6324826745027383,drills
1.9867989232182297,-0.3372580493793437,1.070996327798355,schoolchildren
0.37761550969108404,0.7107429118393714,-0.32724060329114807,recommendations
1.0325933549061646,-1.06116355200536,0.867879376789035,consisting
0.09945268145006106,0.6266996365432569,-0.5623372420525012,positions
2.6070147462373665,-0.19143609427963731,1.106874631615999,physicist
0.3368659906492871,1.5285504997782213,0.9985669870482232,deputy
1.8666319456478873,-0.3075238363330896,0.9754716631420356,complexes
-0.5606043667389365,-1.0755960315892996,0.17555353280407157,teenagers
-0.867488105099311,1.3680052105140041,0.26175630463153354,youth
0.7015311671039113,2.0460870073208937,-1.2039628475042397,environmental
0.25617937492361437,0.007619580930700759,1.5226083933597205,festivals
-0.648436954775266,0.6441121603932606,0.8962612012852074,athletic
-1.146782791159519,1.0788277427268482,0.08526568891244506,events
-2.0879489299243983,-0.596609969857047,0.1145752354907577,step
0.0435877918720719,-0.6568949958137045,-0.17466268166818927,involving
0.7669615280385071,0.2117879313622248,-0.3074501395608392,guides
0.14640726720730435,-1.448368577596281,-0.8417478432028255,accomplishment
-2.081610832614785,-0.8925454957132808,-0.28405883483066907,moving
-1.1212610923221147,0.11221431659926955,1.082778648237553,bias
-0.7498555512154097,0.4662587961934027,-0.11976728757305811,physics
-0.920176073768407,-0.2944062660620354,0.47069417128086255,chemistry
-0.5298158517137772,0.5267076940010335,-0.18866813006544997,biology
2.902021110875123,-1.7285588080484393,1.4212834034458364,blackboards
-0.49919663358708866,-0.32946272546514493,1.2658552394135636,tables
-0.12270807045056596,-0.6775489001051227,1.1010595976475421,chairs
0.5239800433462901,1.1917829394022628,0.9186356880105597,workshops
3.135025882524137,-0.3125350578453306,1.4859430736734949,guidebooks
0.2144987273765203,0.850576586515611,0.16231205327613246,printing
2.5876108131629514,-0.7108860209035758,0.13951337859445154,equipping
1.967210712267661,1.0907108035399025,-0.4986957068941065,modification
0.6482204708796585,0.9587981225556805,-0.98589713946433,investors
0.7391074469575469,0.3487443287806858,0.21531281872275806,organizing
0.5124919490287612,1.3601935649476302,0.6137882039419322,subscription
1.238391425914678,-0.11018722564250166,1.5892013420374351,initiation
-0.01958083305707425,-0.011616386933066759,0.14439095924896309,lists
0.5124717768710856,-0.4693930504300827,0.059532852755163165,zones
1.0565382825156655,0.10420772231560846,-2.07081951897347,outcomes
-0.48080931767548896,-0.8060672614312605,0.7520701276247956,served
2.95098669824534,-0.4289018518742671,0.1339898224750216,structuring
0.4364285930405822,-1.4894229552213865,-1.1968634598794177,defined
1.2666223015843974,0.17736441906614261,0.01408811043030594,regions
1.3507449500409234,1.5544546595535682,-0.7623155044192041,workforce
-0.13768511568043046,-1.2760771990810484,-1.5775665075737773,unnecessary
-2.110768964232116,0.5122665770373495,1.5707220352028102,june
-0.015140289508570319,-0.6570342074250788,-1.3208194449188546,reasonable
-0.35682300642151416,0.7835089468496255,-0.6931486058931108,testing
2.6658897810305033,-0.2111216579750101,1.3762679665366373,craftsmen
0.3203493886854475,-0.18297093905041148,-0.3582283552803289,unemployed
1.2351775497223902,0.7920261358631262,1.8497706957125954,acad
-1.2570510723948984,1.9031454109791253,0.6369196381549956,conference
-0.1778386194796671,0.2793512819836677,0.9115416915175849,newly
-1.9398961491382825,-0.22314816988661573,1.4957952309357572,december
-0.7876323332615434,-0.9299188297788009,0.2568975621675429,letters
-0.24527696389440679,-0.6460238746632372,-1.4432199593508575,temporary
-2.859894099009057,-0.17438750440930786,1.1552108252360471,nd
-3.239456060055323,0.16501041259742882,0.8208767032645993,week
-3.3779018790174966,-0.05565906111194383,0.8108853612372724,big
-0.946794063729612,-2.2028843862148086,-0.7545474499876934,attached
-1.1104967408575175,0.5767404578296096,2.836943540995748,kapan
2.8697899135991802,-1.0652274111730318,2.4000884417822568,goris
-1.072823193143194,-1.3026942407398736,-0.5831947316689278,upon
1.4212072663790627,-0.001428752159835359,1.040295389007801,bachelors
2.3836144375424064,-0.021848824883951432,-0.2397861176240908,differentiation
1.5408278128597084,-0.45923241887483796,-0.21293338417581134,descriptions
-2.4212334187561595,1.8111065180639505,-0.3955670844958749,job
-0.6653515525529384,0.9984190565746919,-0.33466812008861924,contract
0.3948040796624734,0.7182344338819816,-0.16462629782642213,basics
1.6733087474066186,0.47560033211468405,0.13122688683888553,ecology
-0.6452111305979625,1.5712970642214268,-0.15665087445060977,culture
